epoch,lr-AdamW/pg1,lr-AdamW/pg10,lr-AdamW/pg11,lr-AdamW/pg12,lr-AdamW/pg13,lr-AdamW/pg14,lr-AdamW/pg15,lr-AdamW/pg16,lr-AdamW/pg17,lr-AdamW/pg18,lr-AdamW/pg19,lr-AdamW/pg2,lr-AdamW/pg20,lr-AdamW/pg21,lr-AdamW/pg22,lr-AdamW/pg23,lr-AdamW/pg24,lr-AdamW/pg25,lr-AdamW/pg26,lr-AdamW/pg27,lr-AdamW/pg28,lr-AdamW/pg3,lr-AdamW/pg4,lr-AdamW/pg5,lr-AdamW/pg6,lr-AdamW/pg7,lr-AdamW/pg8,lr-AdamW/pg9,step,train_loss,val_loss
,5.431565334472347e-08,3.0427872046342055e-07,4.6812110840526237e-07,4.6812110840526237e-07,7.201863206234804e-07,7.201863206234804e-07,1.1079789548053546e-06,1.1079789548053546e-06,1.704583007392853e-06,1.704583007392853e-06,2.622435395989005e-06,5.431565334472347e-08,2.622435395989005e-06,4.034515993829238e-06,4.034515993829238e-06,6.206947682814212e-06,6.206947682814212e-06,9.549150281252633e-06,9.549150281252633e-06,9.549150281252633e-06,9.549150281252633e-06,8.356254360726687e-08,8.356254360726687e-08,1.2855775939579518e-07,1.2855775939579518e-07,1.9778116830122336e-07,1.9778116830122336e-07,3.0427872046342055e-07,20746,,
41,,,,,,,,,,,,,,,,,,,,,,,,,,,,,20749,0.0,
41,,,,,,,,,,,,,,,,,,,,,,,,,,,,,20759,0.0,
41,,,,,,,,,,,,,,,,,,,,,,,,,,,,,20769,0.0,
41,,,,,,,,,,,,,,,,,,,,,,,,,,,,,20779,0.0,
41,,,,,,,,,,,,,,,,,,,,,,,,,,,,,20789,0.0,
41,,,,,,,,,,,,,,,,,,,,,,,,,,,,,20799,0.0,
41,,,,,,,,,,,,,,,,,,,,,,,,,,,,,20809,0.0,
41,,,,,,,,,,,,,,,,,,,,,,,,,,,,,20819,2.9854774902249304e-11,
41,,,,,,,,,,,,,,,,,,,,,,,,,,,,,20829,0.0,
41,,,,,,,,,,,,,,,,,,,,,,,,,,,,,20839,0.0,
41,,,,,,,,,,,,,,,,,,,,,,,,,,,,,20849,0.0,
41,,,,,,,,,,,,,,,,,,,,,,,,,,,,,20859,0.0,
41,,,,,,,,,,,,,,,,,,,,,,,,,,,,,20869,0.0,
41,,,,,,,,,,,,,,,,,,,,,,,,,,,,,20879,0.0,
41,,,,,,,,,,,,,,,,,,,,,,,,,,,,,20889,0.0,
41,,,,,,,,,,,,,,,,,,,,,,,,,,,,,20899,0.0,
41,,,,,,,,,,,,,,,,,,,,,,,,,,,,,20909,0.0,
41,,,,,,,,,,,,,,,,,,,,,,,,,,,,,20919,0.0,
41,,,,,,,,,,,,,,,,,,,,,,,,,,,,,20929,0.0,
41,,,,,,,,,,,,,,,,,,,,,,,,,,,,,20939,0.0,
41,,,,,,,,,,,,,,,,,,,,,,,,,,,,,20949,0.0,
41,,,,,,,,,,,,,,,,,,,,,,,,,,,,,20959,0.0,
41,,,,,,,,,,,,,,,,,,,,,,,,,,,,,20969,0.0,
41,,,,,,,,,,,,,,,,,,,,,,,,,,,,,20979,0.0,
41,,,,,,,,,,,,,,,,,,,,,,,,,,,,,20989,0.0,
41,,,,,,,,,,,,,,,,,,,,,,,,,,,,,20999,0.0,
41,,,,,,,,,,,,,,,,,,,,,,,,,,,,,21009,0.0,
41,,,,,,,,,,,,,,,,,,,,,,,,,,,,,21019,0.0,
41,,,,,,,,,,,,,,,,,,,,,,,,,,,,,21029,0.0,
41,,,,,,,,,,,,,,,,,,,,,,,,,,,,,21039,0.0,
41,,,,,,,,,,,,,,,,,,,,,,,,,,,,,21049,0.0,
41,,,,,,,,,,,,,,,,,,,,,,,,,,,,,21059,0.0,
41,,,,,,,,,,,,,,,,,,,,,,,,,,,,,21069,0.0,
41,,,,,,,,,,,,,,,,,,,,,,,,,,,,,21079,0.0,
41,,,,,,,,,,,,,,,,,,,,,,,,,,,,,21089,0.0,
41,,,,,,,,,,,,,,,,,,,,,,,,,,,,,21099,0.0,
41,,,,,,,,,,,,,,,,,,,,,,,,,,,,,21109,0.0,
41,,,,,,,,,,,,,,,,,,,,,,,,,,,,,21119,0.0,
41,,,,,,,,,,,,,,,,,,,,,,,,,,,,,21129,0.0,
41,,,,,,,,,,,,,,,,,,,,,,,,,,,,,21139,0.0,
41,,,,,,,,,,,,,,,,,,,,,,,,,,,,,21149,2.9395919726171726e-11,
41,,,,,,,,,,,,,,,,,,,,,,,,,,,,,21159,0.0,
41,,,,,,,,,,,,,,,,,,,,,,,,,,,,,21169,0.0,
41,,,,,,,,,,,,,,,,,,,,,,,,,,,,,21179,0.0,
41,,,,,,,,,,,,,,,,,,,,,,,,,,,,,21189,0.0,
41,,,,,,,,,,,,,,,,,,,,,,,,,,,,,21199,0.0,
41,,,,,,,,,,,,,,,,,,,,,,,,,,,,,21209,0.0,
41,,,,,,,,,,,,,,,,,,,,,,,,,,,,,21219,0.0,
41,,,,,,,,,,,,,,,,,,,,,,,,,,,,,21229,0.0,
41,,,,,,,,,,,,,,,,,,,,,,,,,,,,,21239,0.0,
41,,,,,,,,,,,,,,,,,,,,,,,,,,,,,21249,0.0,
41,,,,,,,,,,,,,,,,,,,,,,,,,,,,,21251,,0.0
,4.321519031092087e-08,2.420934298430496e-07,3.724514305277685e-07,3.724514305277685e-07,5.730022008119516e-07,5.730022008119516e-07,8.815418474030023e-07,8.815418474030023e-07,1.3562182267738498e-06,1.3562182267738498e-06,2.0864895796520763e-06,4.321519031092087e-08,2.0864895796520763e-06,3.2099839686955018e-06,3.2099839686955018e-06,4.938436874916157e-06,4.938436874916157e-06,7.597595192178702e-06,7.597595192178702e-06,7.597595192178702e-06,7.597595192178702e-06,6.648490817064748e-08,6.648490817064748e-08,1.0228447410868844e-07,1.0228447410868844e-07,1.5736072939798221e-07,1.5736072939798221e-07,2.420934298430496e-07,21252,,
42,,,,,,,,,,,,,,,,,,,,,,,,,,,,,21259,0.0,
42,,,,,,,,,,,,,,,,,,,,,,,,,,,,,21269,0.0,
42,,,,,,,,,,,,,,,,,,,,,,,,,,,,,21279,0.0,
42,,,,,,,,,,,,,,,,,,,,,,,,,,,,,21289,0.0,
42,,,,,,,,,,,,,,,,,,,,,,,,,,,,,21299,0.0,
42,,,,,,,,,,,,,,,,,,,,,,,,,,,,,21309,0.0,
42,,,,,,,,,,,,,,,,,,,,,,,,,,,,,21319,0.0,
42,,,,,,,,,,,,,,,,,,,,,,,,,,,,,21329,0.0,
42,,,,,,,,,,,,,,,,,,,,,,,,,,,,,21339,0.0,
42,,,,,,,,,,,,,,,,,,,,,,,,,,,,,21349,0.0,
42,,,,,,,,,,,,,,,,,,,,,,,,,,,,,21359,0.0,
42,,,,,,,,,,,,,,,,,,,,,,,,,,,,,21369,0.0,
42,,,,,,,,,,,,,,,,,,,,,,,,,,,,,21379,0.0,
42,,,,,,,,,,,,,,,,,,,,,,,,,,,,,21389,0.0,
42,,,,,,,,,,,,,,,,,,,,,,,,,,,,,21399,0.0,
42,,,,,,,,,,,,,,,,,,,,,,,,,,,,,21409,0.0,
42,,,,,,,,,,,,,,,,,,,,,,,,,,,,,21419,0.0,
42,,,,,,,,,,,,,,,,,,,,,,,,,,,,,21429,0.0,
42,,,,,,,,,,,,,,,,,,,,,,,,,,,,,21439,0.0,
42,,,,,,,,,,,,,,,,,,,,,,,,,,,,,21449,0.0,
42,,,,,,,,,,,,,,,,,,,,,,,,,,,,,21459,0.0,
42,,,,,,,,,,,,,,,,,,,,,,,,,,,,,21469,0.0,
42,,,,,,,,,,,,,,,,,,,,,,,,,,,,,21479,0.0,
42,,,,,,,,,,,,,,,,,,,,,,,,,,,,,21489,0.0,
42,,,,,,,,,,,,,,,,,,,,,,,,,,,,,21499,0.0,
42,,,,,,,,,,,,,,,,,,,,,,,,,,,,,21509,0.0,
42,,,,,,,,,,,,,,,,,,,,,,,,,,,,,21519,0.0,
42,,,,,,,,,,,,,,,,,,,,,,,,,,,,,21529,0.0,
42,,,,,,,,,,,,,,,,,,,,,,,,,,,,,21539,0.0,
42,,,,,,,,,,,,,,,,,,,,,,,,,,,,,21549,0.0,
42,,,,,,,,,,,,,,,,,,,,,,,,,,,,,21559,0.0,
42,,,,,,,,,,,,,,,,,,,,,,,,,,,,,21569,0.0,
42,,,,,,,,,,,,,,,,,,,,,,,,,,,,,21579,0.0,
42,,,,,,,,,,,,,,,,,,,,,,,,,,,,,21589,0.0,
42,,,,,,,,,,,,,,,,,,,,,,,,,,,,,21599,0.0,
42,,,,,,,,,,,,,,,,,,,,,,,,,,,,,21609,0.0,
42,,,,,,,,,,,,,,,,,,,,,,,,,,,,,21619,0.0,
42,,,,,,,,,,,,,,,,,,,,,,,,,,,,,21629,0.0,
42,,,,,,,,,,,,,,,,,,,,,,,,,,,,,21639,0.0,
42,,,,,,,,,,,,,,,,,,,,,,,,,,,,,21649,0.0,
42,,,,,,,,,,,,,,,,,,,,,,,,,,,,,21659,0.0,
42,,,,,,,,,,,,,,,,,,,,,,,,,,,,,21669,0.0,
42,,,,,,,,,,,,,,,,,,,,,,,,,,,,,21679,0.0,
42,,,,,,,,,,,,,,,,,,,,,,,,,,,,,21689,0.0,
42,,,,,,,,,,,,,,,,,,,,,,,,,,,,,21699,0.0,
42,,,,,,,,,,,,,,,,,,,,,,,,,,,,,21709,0.0,
42,,,,,,,,,,,,,,,,,,,,,,,,,,,,,21719,0.0,
42,,,,,,,,,,,,,,,,,,,,,,,,,,,,,21729,0.0,
42,,,,,,,,,,,,,,,,,,,,,,,,,,,,,21739,0.0,
42,,,,,,,,,,,,,,,,,,,,,,,,,,,,,21749,0.0,
42,,,,,,,,,,,,,,,,,,,,,,,,,,,,,21757,,0.0
,3.3289757633838177e-08,1.8649071185932243e-07,2.869087874758806e-07,2.869087874758806e-07,4.4139813457827784e-07,4.4139813457827784e-07,6.790740531973505e-07,6.790740531973505e-07,1.0447293126113085e-06,1.0447293126113085e-06,1.607275865555859e-06,3.3289757633838177e-08,1.607275865555859e-06,2.4727321008551675e-06,2.4727321008551675e-06,3.8042032320848733e-06,3.8042032320848733e-06,5.852620357053651e-06,5.852620357053651e-06,5.852620357053651e-06,5.852620357053651e-06,5.121501174436641e-08,5.121501174436641e-08,7.879232576056372e-08,7.879232576056372e-08,1.2121896270855957e-07,1.2121896270855957e-07,1.8649071185932243e-07,21758,,
43,,,,,,,,,,,,,,,,,,,,,,,,,,,,,21759,0.0,
43,,,,,,,,,,,,,,,,,,,,,,,,,,,,,21769,0.0,
43,,,,,,,,,,,,,,,,,,,,,,,,,,,,,21779,0.0,
43,,,,,,,,,,,,,,,,,,,,,,,,,,,,,21789,0.0,
43,,,,,,,,,,,,,,,,,,,,,,,,,,,,,21799,0.0,
43,,,,,,,,,,,,,,,,,,,,,,,,,,,,,21809,0.0,
43,,,,,,,,,,,,,,,,,,,,,,,,,,,,,21819,0.0,
43,,,,,,,,,,,,,,,,,,,,,,,,,,,,,21829,0.0,
43,,,,,,,,,,,,,,,,,,,,,,,,,,,,,21839,0.0,
43,,,,,,,,,,,,,,,,,,,,,,,,,,,,,21849,0.0,
43,,,,,,,,,,,,,,,,,,,,,,,,,,,,,21859,0.0,
43,,,,,,,,,,,,,,,,,,,,,,,,,,,,,21869,0.0,
43,,,,,,,,,,,,,,,,,,,,,,,,,,,,,21879,0.0,
43,,,,,,,,,,,,,,,,,,,,,,,,,,,,,21889,0.0,
43,,,,,,,,,,,,,,,,,,,,,,,,,,,,,21899,0.0,
43,,,,,,,,,,,,,,,,,,,,,,,,,,,,,21909,0.0,
43,,,,,,,,,,,,,,,,,,,,,,,,,,,,,21919,0.0,
43,,,,,,,,,,,,,,,,,,,,,,,,,,,,,21929,0.0,
43,,,,,,,,,,,,,,,,,,,,,,,,,,,,,21939,0.0,
43,,,,,,,,,,,,,,,,,,,,,,,,,,,,,21949,0.0,
43,,,,,,,,,,,,,,,,,,,,,,,,,,,,,21959,0.0,
43,,,,,,,,,,,,,,,,,,,,,,,,,,,,,21969,0.0,
43,,,,,,,,,,,,,,,,,,,,,,,,,,,,,21979,0.0,
43,,,,,,,,,,,,,,,,,,,,,,,,,,,,,21989,0.0,
43,,,,,,,,,,,,,,,,,,,,,,,,,,,,,21999,0.0,
43,,,,,,,,,,,,,,,,,,,,,,,,,,,,,22009,0.0,
43,,,,,,,,,,,,,,,,,,,,,,,,,,,,,22019,0.0,
43,,,,,,,,,,,,,,,,,,,,,,,,,,,,,22029,0.0,
43,,,,,,,,,,,,,,,,,,,,,,,,,,,,,22039,0.0,
43,,,,,,,,,,,,,,,,,,,,,,,,,,,,,22049,0.0,
43,,,,,,,,,,,,,,,,,,,,,,,,,,,,,22059,0.0,
43,,,,,,,,,,,,,,,,,,,,,,,,,,,,,22069,0.0,
43,,,,,,,,,,,,,,,,,,,,,,,,,,,,,22079,0.0,
43,,,,,,,,,,,,,,,,,,,,,,,,,,,,,22089,0.0,
43,,,,,,,,,,,,,,,,,,,,,,,,,,,,,22099,0.0,
43,,,,,,,,,,,,,,,,,,,,,,,,,,,,,22109,0.0,
43,,,,,,,,,,,,,,,,,,,,,,,,,,,,,22119,0.0,
43,,,,,,,,,,,,,,,,,,,,,,,,,,,,,22129,0.0,
43,,,,,,,,,,,,,,,,,,,,,,,,,,,,,22139,0.0,
43,,,,,,,,,,,,,,,,,,,,,,,,,,,,,22149,0.0,
43,,,,,,,,,,,,,,,,,,,,,,,,,,,,,22159,0.0,
43,,,,,,,,,,,,,,,,,,,,,,,,,,,,,22169,0.0,
43,,,,,,,,,,,,,,,,,,,,,,,,,,,,,22179,0.0,
43,,,,,,,,,,,,,,,,,,,,,,,,,,,,,22189,0.0,
43,,,,,,,,,,,,,,,,,,,,,,,,,,,,,22199,0.0,
43,,,,,,,,,,,,,,,,,,,,,,,,,,,,,22209,0.0,
43,,,,,,,,,,,,,,,,,,,,,,,,,,,,,22219,0.0,
43,,,,,,,,,,,,,,,,,,,,,,,,,,,,,22229,0.0,
43,,,,,,,,,,,,,,,,,,,,,,,,,,,,,22239,0.0,
43,,,,,,,,,,,,,,,,,,,,,,,,,,,,,22249,0.0,
43,,,,,,,,,,,,,,,,,,,,,,,,,,,,,22259,0.0,
43,,,,,,,,,,,,,,,,,,,,,,,,,,,,,22263,,0.0
,2.4587711023777133e-08,1.3774145736509018e-07,2.1190993440783103e-07,2.1190993440783103e-07,3.2601528370435543e-07,3.2601528370435543e-07,5.015619749297775e-07,5.015619749297775e-07,7.716338075842731e-07,7.716338075842731e-07,1.1871289347450355e-06,2.4587711023777133e-08,1.1871289347450355e-06,1.8263522073000546e-06,1.8263522073000546e-06,2.8097726266154687e-06,2.8097726266154687e-06,4.322727117869951e-06,4.322727117869951e-06,4.322727117869951e-06,4.322727117869951e-06,3.7827247728887886e-08,3.7827247728887886e-08,5.81957657367506e-08,5.81957657367506e-08,8.953194728730862e-08,8.953194728730862e-08,1.3774145736509018e-07,22264,,
44,,,,,,,,,,,,,,,,,,,,,,,,,,,,,22269,0.0,
44,,,,,,,,,,,,,,,,,,,,,,,,,,,,,22279,0.0,
44,,,,,,,,,,,,,,,,,,,,,,,,,,,,,22289,0.0,
44,,,,,,,,,,,,,,,,,,,,,,,,,,,,,22299,0.0,
44,,,,,,,,,,,,,,,,,,,,,,,,,,,,,22309,0.0,
44,,,,,,,,,,,,,,,,,,,,,,,,,,,,,22319,0.0,
44,,,,,,,,,,,,,,,,,,,,,,,,,,,,,22329,0.0,
44,,,,,,,,,,,,,,,,,,,,,,,,,,,,,22339,0.0,
44,,,,,,,,,,,,,,,,,,,,,,,,,,,,,22349,0.0,
44,,,,,,,,,,,,,,,,,,,,,,,,,,,,,22359,0.0,
44,,,,,,,,,,,,,,,,,,,,,,,,,,,,,22369,0.0,
44,,,,,,,,,,,,,,,,,,,,,,,,,,,,,22379,0.0,
44,,,,,,,,,,,,,,,,,,,,,,,,,,,,,22389,0.0,
44,,,,,,,,,,,,,,,,,,,,,,,,,,,,,22399,0.0,
44,,,,,,,,,,,,,,,,,,,,,,,,,,,,,22409,0.0,
44,,,,,,,,,,,,,,,,,,,,,,,,,,,,,22419,0.0,
44,,,,,,,,,,,,,,,,,,,,,,,,,,,,,22429,0.0,
44,,,,,,,,,,,,,,,,,,,,,,,,,,,,,22439,0.0,
44,,,,,,,,,,,,,,,,,,,,,,,,,,,,,22449,0.0,
44,,,,,,,,,,,,,,,,,,,,,,,,,,,,,22459,0.0,
44,,,,,,,,,,,,,,,,,,,,,,,,,,,,,22469,0.0,
44,,,,,,,,,,,,,,,,,,,,,,,,,,,,,22479,0.0,
44,,,,,,,,,,,,,,,,,,,,,,,,,,,,,22489,0.0,
44,,,,,,,,,,,,,,,,,,,,,,,,,,,,,22499,0.0,
44,,,,,,,,,,,,,,,,,,,,,,,,,,,,,22509,0.0,
44,,,,,,,,,,,,,,,,,,,,,,,,,,,,,22519,0.0,
44,,,,,,,,,,,,,,,,,,,,,,,,,,,,,22529,0.0,
44,,,,,,,,,,,,,,,,,,,,,,,,,,,,,22539,0.0,
44,,,,,,,,,,,,,,,,,,,,,,,,,,,,,22549,0.0,
44,,,,,,,,,,,,,,,,,,,,,,,,,,,,,22559,0.0,
44,,,,,,,,,,,,,,,,,,,,,,,,,,,,,22569,0.0,
44,,,,,,,,,,,,,,,,,,,,,,,,,,,,,22579,0.0,
44,,,,,,,,,,,,,,,,,,,,,,,,,,,,,22589,0.0,
44,,,,,,,,,,,,,,,,,,,,,,,,,,,,,22599,0.0,
44,,,,,,,,,,,,,,,,,,,,,,,,,,,,,22609,0.0,
44,,,,,,,,,,,,,,,,,,,,,,,,,,,,,22619,0.0,
44,,,,,,,,,,,,,,,,,,,,,,,,,,,,,22629,0.0,
44,,,,,,,,,,,,,,,,,,,,,,,,,,,,,22639,0.0,
44,,,,,,,,,,,,,,,,,,,,,,,,,,,,,22649,0.0,
44,,,,,,,,,,,,,,,,,,,,,,,,,,,,,22659,0.0,
44,,,,,,,,,,,,,,,,,,,,,,,,,,,,,22669,0.0,
44,,,,,,,,,,,,,,,,,,,,,,,,,,,,,22679,0.0,
44,,,,,,,,,,,,,,,,,,,,,,,,,,,,,22689,0.0,
44,,,,,,,,,,,,,,,,,,,,,,,,,,,,,22699,0.0,
44,,,,,,,,,,,,,,,,,,,,,,,,,,,,,22709,0.0,
44,,,,,,,,,,,,,,,,,,,,,,,,,,,,,22719,0.0,
44,,,,,,,,,,,,,,,,,,,,,,,,,,,,,22729,0.0,
44,,,,,,,,,,,,,,,,,,,,,,,,,,,,,22739,0.0,
44,,,,,,,,,,,,,,,,,,,,,,,,,,,,,22749,0.0,
44,,,,,,,,,,,,,,,,,,,,,,,,,,,,,22759,0.0,
44,,,,,,,,,,,,,,,,,,,,,,,,,,,,,22769,0.0,
44,,,,,,,,,,,,,,,,,,,,,,,,,,,,,22769,,0.0
,1.7151445977095338e-08,9.60831678279911e-08,1.4782025819690937e-07,1.4782025819690937e-07,2.2741578184139902e-07,2.2741578184139902e-07,3.498704336021523e-07,3.498704336021523e-07,5.382622055417728e-07,5.382622055417728e-07,8.280957008334965e-07,1.7151445977095338e-08,8.280957008334965e-07,1.2739933858976868e-06,1.2739933858976868e-06,1.95998982445798e-06,1.95998982445798e-06,3.0153689607045845e-06,3.0153689607045845e-06,3.0153689607045845e-06,3.0153689607045845e-06,2.6386839964762055e-08,2.6386839964762055e-08,4.059513840732624e-08,4.059513840732624e-08,6.245405908819421e-08,6.245405908819421e-08,9.60831678279911e-08,22770,,
45,,,,,,,,,,,,,,,,,,,,,,,,,,,,,22779,0.0,
45,,,,,,,,,,,,,,,,,,,,,,,,,,,,,22789,0.0,
45,,,,,,,,,,,,,,,,,,,,,,,,,,,,,22799,0.0,
45,,,,,,,,,,,,,,,,,,,,,,,,,,,,,22809,0.0,
45,,,,,,,,,,,,,,,,,,,,,,,,,,,,,22819,0.0,
45,,,,,,,,,,,,,,,,,,,,,,,,,,,,,22829,0.0,
45,,,,,,,,,,,,,,,,,,,,,,,,,,,,,22839,0.0,
45,,,,,,,,,,,,,,,,,,,,,,,,,,,,,22849,0.0,
45,,,,,,,,,,,,,,,,,,,,,,,,,,,,,22859,0.0,
45,,,,,,,,,,,,,,,,,,,,,,,,,,,,,22869,0.0,
45,,,,,,,,,,,,,,,,,,,,,,,,,,,,,22879,0.0,
45,,,,,,,,,,,,,,,,,,,,,,,,,,,,,22889,0.0,
45,,,,,,,,,,,,,,,,,,,,,,,,,,,,,22899,0.0,
45,,,,,,,,,,,,,,,,,,,,,,,,,,,,,22909,0.0,
45,,,,,,,,,,,,,,,,,,,,,,,,,,,,,22919,0.0,
45,,,,,,,,,,,,,,,,,,,,,,,,,,,,,22929,0.0,
45,,,,,,,,,,,,,,,,,,,,,,,,,,,,,22939,0.0,
45,,,,,,,,,,,,,,,,,,,,,,,,,,,,,22949,0.0,
45,,,,,,,,,,,,,,,,,,,,,,,,,,,,,22959,0.0,
45,,,,,,,,,,,,,,,,,,,,,,,,,,,,,22969,0.0,
45,,,,,,,,,,,,,,,,,,,,,,,,,,,,,22979,0.0,
45,,,,,,,,,,,,,,,,,,,,,,,,,,,,,22989,0.0,
45,,,,,,,,,,,,,,,,,,,,,,,,,,,,,22999,0.0,
45,,,,,,,,,,,,,,,,,,,,,,,,,,,,,23009,0.0,
45,,,,,,,,,,,,,,,,,,,,,,,,,,,,,23019,0.0,
45,,,,,,,,,,,,,,,,,,,,,,,,,,,,,23029,0.0,
45,,,,,,,,,,,,,,,,,,,,,,,,,,,,,23039,0.0,
45,,,,,,,,,,,,,,,,,,,,,,,,,,,,,23049,0.0,
45,,,,,,,,,,,,,,,,,,,,,,,,,,,,,23059,0.0,
45,,,,,,,,,,,,,,,,,,,,,,,,,,,,,23069,0.0,
45,,,,,,,,,,,,,,,,,,,,,,,,,,,,,23079,0.0,
45,,,,,,,,,,,,,,,,,,,,,,,,,,,,,23089,0.0,
45,,,,,,,,,,,,,,,,,,,,,,,,,,,,,23099,0.0,
45,,,,,,,,,,,,,,,,,,,,,,,,,,,,,23109,0.0,
45,,,,,,,,,,,,,,,,,,,,,,,,,,,,,23119,0.0,
45,,,,,,,,,,,,,,,,,,,,,,,,,,,,,23129,0.0,
45,,,,,,,,,,,,,,,,,,,,,,,,,,,,,23139,0.0,
45,,,,,,,,,,,,,,,,,,,,,,,,,,,,,23149,0.0,
45,,,,,,,,,,,,,,,,,,,,,,,,,,,,,23159,0.0,
45,,,,,,,,,,,,,,,,,,,,,,,,,,,,,23169,0.0,
45,,,,,,,,,,,,,,,,,,,,,,,,,,,,,23179,0.0,
45,,,,,,,,,,,,,,,,,,,,,,,,,,,,,23189,0.0,
45,,,,,,,,,,,,,,,,,,,,,,,,,,,,,23199,0.0,
45,,,,,,,,,,,,,,,,,,,,,,,,,,,,,23209,0.0,
45,,,,,,,,,,,,,,,,,,,,,,,,,,,,,23219,0.0,
45,,,,,,,,,,,,,,,,,,,,,,,,,,,,,23229,0.0,
45,,,,,,,,,,,,,,,,,,,,,,,,,,,,,23239,0.0,
45,,,,,,,,,,,,,,,,,,,,,,,,,,,,,23249,0.0,
45,,,,,,,,,,,,,,,,,,,,,,,,,,,,,23259,0.0,
45,,,,,,,,,,,,,,,,,,,,,,,,,,,,,23269,0.0,
45,,,,,,,,,,,,,,,,,,,,,,,,,,,,,23275,,0.0
,1.1017191229609355e-08,6.17187982471726e-08,9.495199730334245e-08,9.495199730334245e-08,1.4607999585129607e-07,1.4607999585129607e-07,2.2473845515584008e-07,2.2473845515584008e-07,3.457514694705232e-07,3.457514694705232e-07,5.319253376469587e-07,1.1017191229609355e-08,5.319253376469587e-07,8.183466733030134e-07,8.183466733030134e-07,1.258994882004636e-06,1.258994882004636e-06,1.9369152030840556e-06,1.9369152030840556e-06,1.9369152030840556e-06,1.9369152030840556e-06,1.6949524968629775e-08,1.6949524968629775e-08,2.6076192259430422e-08,2.6076192259430422e-08,4.011721886066219e-08,4.011721886066219e-08,6.17187982471726e-08,23276,,
46,,,,,,,,,,,,,,,,,,,,,,,,,,,,,23279,0.0,
46,,,,,,,,,,,,,,,,,,,,,,,,,,,,,23289,0.0,
46,,,,,,,,,,,,,,,,,,,,,,,,,,,,,23299,0.0,
46,,,,,,,,,,,,,,,,,,,,,,,,,,,,,23309,0.0,
46,,,,,,,,,,,,,,,,,,,,,,,,,,,,,23319,0.0,
46,,,,,,,,,,,,,,,,,,,,,,,,,,,,,23329,0.0,
46,,,,,,,,,,,,,,,,,,,,,,,,,,,,,23339,0.0,
46,,,,,,,,,,,,,,,,,,,,,,,,,,,,,23349,0.0,
46,,,,,,,,,,,,,,,,,,,,,,,,,,,,,23359,0.0,
46,,,,,,,,,,,,,,,,,,,,,,,,,,,,,23369,0.0,
46,,,,,,,,,,,,,,,,,,,,,,,,,,,,,23379,0.0,
46,,,,,,,,,,,,,,,,,,,,,,,,,,,,,23389,0.0,
46,,,,,,,,,,,,,,,,,,,,,,,,,,,,,23399,0.0,
46,,,,,,,,,,,,,,,,,,,,,,,,,,,,,23409,0.0,
46,,,,,,,,,,,,,,,,,,,,,,,,,,,,,23419,0.0,
46,,,,,,,,,,,,,,,,,,,,,,,,,,,,,23429,0.0,
46,,,,,,,,,,,,,,,,,,,,,,,,,,,,,23439,0.0,
46,,,,,,,,,,,,,,,,,,,,,,,,,,,,,23449,0.0,
46,,,,,,,,,,,,,,,,,,,,,,,,,,,,,23459,0.0,
46,,,,,,,,,,,,,,,,,,,,,,,,,,,,,23469,0.0,
46,,,,,,,,,,,,,,,,,,,,,,,,,,,,,23479,0.0,
46,,,,,,,,,,,,,,,,,,,,,,,,,,,,,23489,0.0,
46,,,,,,,,,,,,,,,,,,,,,,,,,,,,,23499,0.0,
46,,,,,,,,,,,,,,,,,,,,,,,,,,,,,23509,0.0,
46,,,,,,,,,,,,,,,,,,,,,,,,,,,,,23519,0.0,
46,,,,,,,,,,,,,,,,,,,,,,,,,,,,,23529,0.0,
46,,,,,,,,,,,,,,,,,,,,,,,,,,,,,23539,0.0,
46,,,,,,,,,,,,,,,,,,,,,,,,,,,,,23549,0.0,
46,,,,,,,,,,,,,,,,,,,,,,,,,,,,,23559,0.0,
46,,,,,,,,,,,,,,,,,,,,,,,,,,,,,23569,0.0,
46,,,,,,,,,,,,,,,,,,,,,,,,,,,,,23579,0.0,
46,,,,,,,,,,,,,,,,,,,,,,,,,,,,,23589,0.0,
46,,,,,,,,,,,,,,,,,,,,,,,,,,,,,23599,0.0,
46,,,,,,,,,,,,,,,,,,,,,,,,,,,,,23609,0.0,
46,,,,,,,,,,,,,,,,,,,,,,,,,,,,,23619,0.0,
46,,,,,,,,,,,,,,,,,,,,,,,,,,,,,23629,0.0,
46,,,,,,,,,,,,,,,,,,,,,,,,,,,,,23639,0.0,
46,,,,,,,,,,,,,,,,,,,,,,,,,,,,,23649,0.0,
46,,,,,,,,,,,,,,,,,,,,,,,,,,,,,23659,0.0,
46,,,,,,,,,,,,,,,,,,,,,,,,,,,,,23669,0.0,
46,,,,,,,,,,,,,,,,,,,,,,,,,,,,,23679,0.0,
46,,,,,,,,,,,,,,,,,,,,,,,,,,,,,23689,0.0,
46,,,,,,,,,,,,,,,,,,,,,,,,,,,,,23699,0.0,
46,,,,,,,,,,,,,,,,,,,,,,,,,,,,,23709,0.0,
46,,,,,,,,,,,,,,,,,,,,,,,,,,,,,23719,0.0,
46,,,,,,,,,,,,,,,,,,,,,,,,,,,,,23729,0.0,
46,,,,,,,,,,,,,,,,,,,,,,,,,,,,,23739,0.0,
46,,,,,,,,,,,,,,,,,,,,,,,,,,,,,23749,0.0,
46,,,,,,,,,,,,,,,,,,,,,,,,,,,,,23759,0.0,
46,,,,,,,,,,,,,,,,,,,,,,,,,,,,,23769,0.0,
46,,,,,,,,,,,,,,,,,,,,,,,,,,,,,23779,0.0,
46,,,,,,,,,,,,,,,,,,,,,,,,,,,,,23781,,0.0
