dev_f1,dev_precision,dev_recall,epoch,lr-AdamW/pg1,lr-AdamW/pg10,lr-AdamW/pg11,lr-AdamW/pg12,lr-AdamW/pg13,lr-AdamW/pg14,lr-AdamW/pg15,lr-AdamW/pg16,lr-AdamW/pg17,lr-AdamW/pg18,lr-AdamW/pg19,lr-AdamW/pg2,lr-AdamW/pg20,lr-AdamW/pg21,lr-AdamW/pg22,lr-AdamW/pg23,lr-AdamW/pg24,lr-AdamW/pg25,lr-AdamW/pg26,lr-AdamW/pg27,lr-AdamW/pg28,lr-AdamW/pg3,lr-AdamW/pg4,lr-AdamW/pg5,lr-AdamW/pg6,lr-AdamW/pg7,lr-AdamW/pg8,lr-AdamW/pg9,step,train_loss
,,,,1.1376018126211432e-07,6.372896257812503e-07,9.804455781250004e-07,9.804455781250004e-07,1.5083778125000004e-06,1.5083778125000004e-06,2.3205812500000007e-06,2.3205812500000007e-06,3.570125000000001e-06,3.570125000000001e-06,5.492500000000001e-06,1.1376018126211432e-07,5.492500000000001e-06,8.45e-06,8.45e-06,1.3000000000000003e-05,1.3000000000000003e-05,2e-05,2e-05,2e-05,2e-05,1.7501566348017586e-07,1.7501566348017586e-07,2.6925486689257825e-07,2.6925486689257825e-07,4.142382567578127e-07,4.142382567578127e-07,6.372896257812503e-07,0,
,,,0,,,,,,,,,,,,,,,,,,,,,,,,,,,,,9,50.129371643066406
,,,0,,,,,,,,,,,,,,,,,,,,,,,,,,,,,19,3.916353940963745
,,,0,,,,,,,,,,,,,,,,,,,,,,,,,,,,,29,3.6018779277801514
,,,0,,,,,,,,,,,,,,,,,,,,,,,,,,,,,39,2.761275291442871
,,,0,,,,,,,,,,,,,,,,,,,,,,,,,,,,,49,2.9560348987579346
,,,0,,,,,,,,,,,,,,,,,,,,,,,,,,,,,59,1.8572630882263184
,,,0,,,,,,,,,,,,,,,,,,,,,,,,,,,,,69,1.4491081237792969
,,,0,,,,,,,,,,,,,,,,,,,,,,,,,,,,,79,0.5507495999336243
,,,0,,,,,,,,,,,,,,,,,,,,,,,,,,,,,89,1.339231252670288
,,,0,,,,,,,,,,,,,,,,,,,,,,,,,,,,,99,0.8287720084190369
,,,0,,,,,,,,,,,,,,,,,,,,,,,,,,,,,109,0.887391984462738
,,,0,,,,,,,,,,,,,,,,,,,,,,,,,,,,,119,0.5110518932342529
,,,0,,,,,,,,,,,,,,,,,,,,,,,,,,,,,129,1.6792148351669312
,,,0,,,,,,,,,,,,,,,,,,,,,,,,,,,,,139,1.760511040687561
,,,0,,,,,,,,,,,,,,,,,,,,,,,,,,,,,149,1.3979793787002563
,,,0,,,,,,,,,,,,,,,,,,,,,,,,,,,,,159,0.7529582977294922
,,,0,,,,,,,,,,,,,,,,,,,,,,,,,,,,,169,0.4302871525287628
,,,0,,,,,,,,,,,,,,,,,,,,,,,,,,,,,179,0.3822803795337677
,,,0,,,,,,,,,,,,,,,,,,,,,,,,,,,,,189,0.2854655086994171
,,,0,,,,,,,,,,,,,,,,,,,,,,,,,,,,,199,0.30761730670928955
,,,0,,,,,,,,,,,,,,,,,,,,,,,,,,,,,209,0.4827718734741211
,,,0,,,,,,,,,,,,,,,,,,,,,,,,,,,,,219,0.6271785497665405
,,,0,,,,,,,,,,,,,,,,,,,,,,,,,,,,,229,0.41997772455215454
,,,0,,,,,,,,,,,,,,,,,,,,,,,,,,,,,239,0.32165566086769104
,,,0,,,,,,,,,,,,,,,,,,,,,,,,,,,,,249,0.09220463037490845
,,,0,,,,,,,,,,,,,,,,,,,,,,,,,,,,,259,0.09061376005411148
,,,0,,,,,,,,,,,,,,,,,,,,,,,,,,,,,269,0.5606858134269714
,,,0,,,,,,,,,,,,,,,,,,,,,,,,,,,,,279,0.24435554444789886
,,,0,,,,,,,,,,,,,,,,,,,,,,,,,,,,,289,0.18923026323318481
,,,0,,,,,,,,,,,,,,,,,,,,,,,,,,,,,299,0.39070773124694824
,,,0,,,,,,,,,,,,,,,,,,,,,,,,,,,,,309,0.245365709066391
,,,0,,,,,,,,,,,,,,,,,,,,,,,,,,,,,319,0.6627827882766724
,,,0,,,,,,,,,,,,,,,,,,,,,,,,,,,,,329,0.33674320578575134
,,,0,,,,,,,,,,,,,,,,,,,,,,,,,,,,,339,0.2981053590774536
,,,0,,,,,,,,,,,,,,,,,,,,,,,,,,,,,349,0.7604680061340332
,,,0,,,,,,,,,,,,,,,,,,,,,,,,,,,,,359,0.31562280654907227
,,,0,,,,,,,,,,,,,,,,,,,,,,,,,,,,,369,0.09076941013336182
,,,0,,,,,,,,,,,,,,,,,,,,,,,,,,,,,379,0.3008447587490082
,,,0,,,,,,,,,,,,,,,,,,,,,,,,,,,,,389,0.24968503415584564
,,,0,,,,,,,,,,,,,,,,,,,,,,,,,,,,,399,0.15884362161159515
,,,0,,,,,,,,,,,,,,,,,,,,,,,,,,,,,409,0.2750493288040161
,,,0,,,,,,,,,,,,,,,,,,,,,,,,,,,,,419,0.08373766392469406
,,,0,,,,,,,,,,,,,,,,,,,,,,,,,,,,,429,0.6939756870269775
,,,0,,,,,,,,,,,,,,,,,,,,,,,,,,,,,439,0.3391423523426056
,,,0,,,,,,,,,,,,,,,,,,,,,,,,,,,,,449,0.3062663972377777
,,,0,,,,,,,,,,,,,,,,,,,,,,,,,,,,,459,0.06852027773857117
,,,0,,,,,,,,,,,,,,,,,,,,,,,,,,,,,469,1.1546398401260376
,,,0,,,,,,,,,,,,,,,,,,,,,,,,,,,,,479,1.4796156883239746
,,,0,,,,,,,,,,,,,,,,,,,,,,,,,,,,,489,0.5507462620735168
,,,0,,,,,,,,,,,,,,,,,,,,,,,,,,,,,499,0.3099553883075714
,,,0,,,,,,,,,,,,,,,,,,,,,,,,,,,,,509,0.11818713694810867
,,,0,,,,,,,,,,,,,,,,,,,,,,,,,,,,,519,0.1656733602285385
,,,0,,,,,,,,,,,,,,,,,,,,,,,,,,,,,529,0.05598687008023262
,,,0,,,,,,,,,,,,,,,,,,,,,,,,,,,,,539,0.09629837423563004
,,,0,,,,,,,,,,,,,,,,,,,,,,,,,,,,,549,2.726060152053833
,,,0,,,,,,,,,,,,,,,,,,,,,,,,,,,,,559,0.31834033131599426
,,,0,,,,,,,,,,,,,,,,,,,,,,,,,,,,,569,0.07447762042284012
,,,0,,,,,,,,,,,,,,,,,,,,,,,,,,,,,579,0.05888804793357849
,,,0,,,,,,,,,,,,,,,,,,,,,,,,,,,,,589,0.00834085512906313
,,,0,,,,,,,,,,,,,,,,,,,,,,,,,,,,,599,0.2563246786594391
,,,0,,,,,,,,,,,,,,,,,,,,,,,,,,,,,609,0.04102001711726189
,,,0,,,,,,,,,,,,,,,,,,,,,,,,,,,,,619,0.6813709139823914
,,,0,,,,,,,,,,,,,,,,,,,,,,,,,,,,,629,1.0146430730819702
,,,0,,,,,,,,,,,,,,,,,,,,,,,,,,,,,639,0.028064686805009842
,,,0,,,,,,,,,,,,,,,,,,,,,,,,,,,,,649,0.1697213053703308
,,,0,,,,,,,,,,,,,,,,,,,,,,,,,,,,,659,2.48934006690979
,,,0,,,,,,,,,,,,,,,,,,,,,,,,,,,,,669,0.602180540561676
,,,0,,,,,,,,,,,,,,,,,,,,,,,,,,,,,679,0.04212960973381996
,,,0,,,,,,,,,,,,,,,,,,,,,,,,,,,,,689,0.23970744013786316
,,,0,,,,,,,,,,,,,,,,,,,,,,,,,,,,,699,0.3742421567440033
,,,0,,,,,,,,,,,,,,,,,,,,,,,,,,,,,709,0.109621062874794
,,,0,,,,,,,,,,,,,,,,,,,,,,,,,,,,,719,0.04041769728064537
,,,0,,,,,,,,,,,,,,,,,,,,,,,,,,,,,729,0.19232651591300964
,,,0,,,,,,,,,,,,,,,,,,,,,,,,,,,,,739,0.04532572999596596
,,,0,,,,,,,,,,,,,,,,,,,,,,,,,,,,,749,0.7439724802970886
,,,0,,,,,,,,,,,,,,,,,,,,,,,,,,,,,759,1.3327651023864746
,,,0,,,,,,,,,,,,,,,,,,,,,,,,,,,,,769,0.6218373775482178
,,,0,,,,,,,,,,,,,,,,,,,,,,,,,,,,,779,0.4683667719364166
,,,0,,,,,,,,,,,,,,,,,,,,,,,,,,,,,789,1.976660132408142
,,,0,,,,,,,,,,,,,,,,,,,,,,,,,,,,,799,0.20434267818927765
,,,0,,,,,,,,,,,,,,,,,,,,,,,,,,,,,809,0.41832059621810913
,,,0,,,,,,,,,,,,,,,,,,,,,,,,,,,,,819,3.205779552459717
,,,0,,,,,,,,,,,,,,,,,,,,,,,,,,,,,829,0.4003578722476959
,,,0,,,,,,,,,,,,,,,,,,,,,,,,,,,,,839,0.02533743903040886
,,,0,,,,,,,,,,,,,,,,,,,,,,,,,,,,,849,0.04965147003531456
,,,0,,,,,,,,,,,,,,,,,,,,,,,,,,,,,859,0.20966392755508423
,,,0,,,,,,,,,,,,,,,,,,,,,,,,,,,,,869,0.5425947904586792
,,,0,,,,,,,,,,,,,,,,,,,,,,,,,,,,,879,0.6446792483329773
,,,0,,,,,,,,,,,,,,,,,,,,,,,,,,,,,889,2.4714925289154053
,,,0,,,,,,,,,,,,,,,,,,,,,,,,,,,,,899,0.36683785915374756
,,,0,,,,,,,,,,,,,,,,,,,,,,,,,,,,,909,0.020434390753507614
,,,0,,,,,,,,,,,,,,,,,,,,,,,,,,,,,919,0.027715710923075676
,,,0,,,,,,,,,,,,,,,,,,,,,,,,,,,,,929,0.14053058624267578
,,,0,,,,,,,,,,,,,,,,,,,,,,,,,,,,,939,0.8406796455383301
,,,0,,,,,,,,,,,,,,,,,,,,,,,,,,,,,949,0.9900501370429993
,,,0,,,,,,,,,,,,,,,,,,,,,,,,,,,,,959,0.05303250625729561
,,,0,,,,,,,,,,,,,,,,,,,,,,,,,,,,,969,0.5215252041816711
,,,0,,,,,,,,,,,,,,,,,,,,,,,,,,,,,979,1.5586408376693726
,,,0,,,,,,,,,,,,,,,,,,,,,,,,,,,,,989,0.3322070240974426
,,,0,,,,,,,,,,,,,,,,,,,,,,,,,,,,,999,0.14402493834495544
,,,0,,,,,,,,,,,,,,,,,,,,,,,,,,,,,1009,0.054354794323444366
,,,0,,,,,,,,,,,,,,,,,,,,,,,,,,,,,1019,0.02784118987619877
,,,0,,,,,,,,,,,,,,,,,,,,,,,,,,,,,1029,0.00739599484950304
,,,0,,,,,,,,,,,,,,,,,,,,,,,,,,,,,1039,0.5641745328903198
,,,0,,,,,,,,,,,,,,,,,,,,,,,,,,,,,1049,0.05759890377521515
,,,0,,,,,,,,,,,,,,,,,,,,,,,,,,,,,1059,0.9364652633666992
,,,0,,,,,,,,,,,,,,,,,,,,,,,,,,,,,1069,0.15626396238803864
,,,0,,,,,,,,,,,,,,,,,,,,,,,,,,,,,1079,0.007831873372197151
,,,0,,,,,,,,,,,,,,,,,,,,,,,,,,,,,1089,0.46048930287361145
,,,0,,,,,,,,,,,,,,,,,,,,,,,,,,,,,1099,0.02033897116780281
,,,0,,,,,,,,,,,,,,,,,,,,,,,,,,,,,1109,1.9098052978515625
,,,0,,,,,,,,,,,,,,,,,,,,,,,,,,,,,1119,2.7186472415924072
,,,0,,,,,,,,,,,,,,,,,,,,,,,,,,,,,1129,0.01314275711774826
,,,0,,,,,,,,,,,,,,,,,,,,,,,,,,,,,1139,0.5593741536140442
,,,0,,,,,,,,,,,,,,,,,,,,,,,,,,,,,1149,1.7677710056304932
,,,0,,,,,,,,,,,,,,,,,,,,,,,,,,,,,1159,0.5990776419639587
,,,0,,,,,,,,,,,,,,,,,,,,,,,,,,,,,1169,0.12829431891441345
,,,0,,,,,,,,,,,,,,,,,,,,,,,,,,,,,1179,1.9488258361816406
,,,0,,,,,,,,,,,,,,,,,,,,,,,,,,,,,1189,1.0205061435699463
,,,0,,,,,,,,,,,,,,,,,,,,,,,,,,,,,1199,0.001042162999510765
,,,0,,,,,,,,,,,,,,,,,,,,,,,,,,,,,1209,0.015478347428143024
,,,0,,,,,,,,,,,,,,,,,,,,,,,,,,,,,1219,0.01516811829060316
,,,0,,,,,,,,,,,,,,,,,,,,,,,,,,,,,1229,0.2850028872489929
,,,0,,,,,,,,,,,,,,,,,,,,,,,,,,,,,1239,0.05492686107754707
,,,0,,,,,,,,,,,,,,,,,,,,,,,,,,,,,1249,0.2682381570339203
,,,0,,,,,,,,,,,,,,,,,,,,,,,,,,,,,1259,0.7590276598930359
,,,0,,,,,,,,,,,,,,,,,,,,,,,,,,,,,1269,0.16524817049503326
,,,0,,,,,,,,,,,,,,,,,,,,,,,,,,,,,1279,0.08848744630813599
,,,0,,,,,,,,,,,,,,,,,,,,,,,,,,,,,1289,0.005183751694858074
,,,0,,,,,,,,,,,,,,,,,,,,,,,,,,,,,1299,0.04958847165107727
,,,0,,,,,,,,,,,,,,,,,,,,,,,,,,,,,1309,1.2971837520599365
,,,0,,,,,,,,,,,,,,,,,,,,,,,,,,,,,1319,0.5296590924263
,,,0,,,,,,,,,,,,,,,,,,,,,,,,,,,,,1329,0.5432081818580627
,,,0,,,,,,,,,,,,,,,,,,,,,,,,,,,,,1339,0.014869106002151966
,,,0,,,,,,,,,,,,,,,,,,,,,,,,,,,,,1349,8.48737621307373
,,,0,,,,,,,,,,,,,,,,,,,,,,,,,,,,,1359,0.4800018072128296
,,,0,,,,,,,,,,,,,,,,,,,,,,,,,,,,,1369,1.6088448762893677
,,,0,,,,,,,,,,,,,,,,,,,,,,,,,,,,,1379,0.5097282528877258
,,,0,,,,,,,,,,,,,,,,,,,,,,,,,,,,,1389,0.011520519852638245
,,,0,,,,,,,,,,,,,,,,,,,,,,,,,,,,,1399,0.02138628624379635
,,,0,,,,,,,,,,,,,,,,,,,,,,,,,,,,,1409,0.8443727493286133
,,,0,,,,,,,,,,,,,,,,,,,,,,,,,,,,,1419,0.009339829906821251
,,,0,,,,,,,,,,,,,,,,,,,,,,,,,,,,,1429,0.0776502937078476
,,,0,,,,,,,,,,,,,,,,,,,,,,,,,,,,,1439,0.04560065641999245
,,,0,,,,,,,,,,,,,,,,,,,,,,,,,,,,,1449,0.28458496928215027
,,,0,,,,,,,,,,,,,,,,,,,,,,,,,,,,,1459,0.06358737498521805
,,,0,,,,,,,,,,,,,,,,,,,,,,,,,,,,,1469,0.15744513273239136
,,,0,,,,,,,,,,,,,,,,,,,,,,,,,,,,,1479,0.005464982707053423
,,,0,,,,,,,,,,,,,,,,,,,,,,,,,,,,,1489,0.208809956908226
,,,0,,,,,,,,,,,,,,,,,,,,,,,,,,,,,1499,0.008307129144668579
,,,0,,,,,,,,,,,,,,,,,,,,,,,,,,,,,1509,0.5277299880981445
,,,0,,,,,,,,,,,,,,,,,,,,,,,,,,,,,1519,0.04256906360387802
,,,0,,,,,,,,,,,,,,,,,,,,,,,,,,,,,1529,0.5406732559204102
,,,0,,,,,,,,,,,,,,,,,,,,,,,,,,,,,1539,0.23662224411964417
,,,0,,,,,,,,,,,,,,,,,,,,,,,,,,,,,1549,1.8662497997283936
,,,0,,,,,,,,,,,,,,,,,,,,,,,,,,,,,1559,0.06379320472478867
,,,0,,,,,,,,,,,,,,,,,,,,,,,,,,,,,1569,0.12753386795520782
,,,0,,,,,,,,,,,,,,,,,,,,,,,,,,,,,1579,0.14394620060920715
,,,0,,,,,,,,,,,,,,,,,,,,,,,,,,,,,1589,0.08353344351053238
,,,0,,,,,,,,,,,,,,,,,,,,,,,,,,,,,1599,0.008652864024043083
,,,0,,,,,,,,,,,,,,,,,,,,,,,,,,,,,1609,0.030135683715343475
,,,0,,,,,,,,,,,,,,,,,,,,,,,,,,,,,1619,0.1911734938621521
,,,0,,,,,,,,,,,,,,,,,,,,,,,,,,,,,1629,0.11475938558578491
,,,0,,,,,,,,,,,,,,,,,,,,,,,,,,,,,1639,0.0027800053358078003
,,,0,,,,,,,,,,,,,,,,,,,,,,,,,,,,,1649,0.14553749561309814
,,,0,,,,,,,,,,,,,,,,,,,,,,,,,,,,,1659,0.16624748706817627
,,,0,,,,,,,,,,,,,,,,,,,,,,,,,,,,,1669,0.030602317303419113
,,,0,,,,,,,,,,,,,,,,,,,,,,,,,,,,,1679,1.150253415107727
,,,0,,,,,,,,,,,,,,,,,,,,,,,,,,,,,1689,0.3346443176269531
,,,0,,,,,,,,,,,,,,,,,,,,,,,,,,,,,1699,0.16119562089443207
,,,0,,,,,,,,,,,,,,,,,,,,,,,,,,,,,1709,2.349867820739746
,,,0,,,,,,,,,,,,,,,,,,,,,,,,,,,,,1719,0.048617180436849594
,,,0,,,,,,,,,,,,,,,,,,,,,,,,,,,,,1729,0.8600713610649109
,,,0,,,,,,,,,,,,,,,,,,,,,,,,,,,,,1739,0.025958260521292686
,,,0,,,,,,,,,,,,,,,,,,,,,,,,,,,,,1749,0.006631671916693449
,,,0,,,,,,,,,,,,,,,,,,,,,,,,,,,,,1759,0.12478360533714294
,,,0,,,,,,,,,,,,,,,,,,,,,,,,,,,,,1769,0.32520952820777893
,,,0,,,,,,,,,,,,,,,,,,,,,,,,,,,,,1779,0.09962110221385956
,,,0,,,,,,,,,,,,,,,,,,,,,,,,,,,,,1789,0.3001357614994049
,,,0,,,,,,,,,,,,,,,,,,,,,,,,,,,,,1799,0.03785581886768341
,,,0,,,,,,,,,,,,,,,,,,,,,,,,,,,,,1809,0.02888624370098114
,,,0,,,,,,,,,,,,,,,,,,,,,,,,,,,,,1819,0.043967392295598984
,,,0,,,,,,,,,,,,,,,,,,,,,,,,,,,,,1829,0.0025268923491239548
,,,0,,,,,,,,,,,,,,,,,,,,,,,,,,,,,1839,0.03382597863674164
,,,0,,,,,,,,,,,,,,,,,,,,,,,,,,,,,1849,0.553064227104187
,,,0,,,,,,,,,,,,,,,,,,,,,,,,,,,,,1859,0.02931705117225647
,,,0,,,,,,,,,,,,,,,,,,,,,,,,,,,,,1869,0.20042550563812256
,,,0,,,,,,,,,,,,,,,,,,,,,,,,,,,,,1879,1.067750096321106
,,,0,,,,,,,,,,,,,,,,,,,,,,,,,,,,,1889,0.3218845725059509
,,,0,,,,,,,,,,,,,,,,,,,,,,,,,,,,,1899,1.4743049144744873
,,,0,,,,,,,,,,,,,,,,,,,,,,,,,,,,,1909,0.025435520336031914
,,,0,,,,,,,,,,,,,,,,,,,,,,,,,,,,,1919,1.2505425214767456
,,,0,,,,,,,,,,,,,,,,,,,,,,,,,,,,,1929,0.8008209466934204
,,,0,,,,,,,,,,,,,,,,,,,,,,,,,,,,,1939,0.18731571733951569
,,,0,,,,,,,,,,,,,,,,,,,,,,,,,,,,,1949,0.05251334235072136
,,,0,,,,,,,,,,,,,,,,,,,,,,,,,,,,,1959,1.8663076162338257
,,,0,,,,,,,,,,,,,,,,,,,,,,,,,,,,,1969,0.0872093215584755
,,,0,,,,,,,,,,,,,,,,,,,,,,,,,,,,,1979,0.06949814409017563
,,,0,,,,,,,,,,,,,,,,,,,,,,,,,,,,,1989,0.7389079928398132
,,,0,,,,,,,,,,,,,,,,,,,,,,,,,,,,,1999,0.3003140389919281
,,,0,,,,,,,,,,,,,,,,,,,,,,,,,,,,,2009,0.1008506640791893
,,,0,,,,,,,,,,,,,,,,,,,,,,,,,,,,,2019,0.1046154722571373
,,,0,,,,,,,,,,,,,,,,,,,,,,,,,,,,,2029,0.03134935349225998
,,,0,,,,,,,,,,,,,,,,,,,,,,,,,,,,,2039,0.14374463260173798
,,,0,,,,,,,,,,,,,,,,,,,,,,,,,,,,,2049,0.04022203013300896
,,,0,,,,,,,,,,,,,,,,,,,,,,,,,,,,,2059,0.007248275447636843
,,,0,,,,,,,,,,,,,,,,,,,,,,,,,,,,,2069,0.7973818778991699
,,,0,,,,,,,,,,,,,,,,,,,,,,,,,,,,,2079,0.4712696075439453
,,,0,,,,,,,,,,,,,,,,,,,,,,,,,,,,,2089,0.014768156222999096
,,,0,,,,,,,,,,,,,,,,,,,,,,,,,,,,,2099,0.02543642558157444
,,,0,,,,,,,,,,,,,,,,,,,,,,,,,,,,,2109,0.23795460164546967
,,,0,,,,,,,,,,,,,,,,,,,,,,,,,,,,,2119,0.20780694484710693
,,,0,,,,,,,,,,,,,,,,,,,,,,,,,,,,,2129,0.20217394828796387
,,,0,,,,,,,,,,,,,,,,,,,,,,,,,,,,,2139,0.05701879411935806
,,,0,,,,,,,,,,,,,,,,,,,,,,,,,,,,,2149,0.872955322265625
,,,0,,,,,,,,,,,,,,,,,,,,,,,,,,,,,2159,0.05566353723406792
,,,0,,,,,,,,,,,,,,,,,,,,,,,,,,,,,2169,0.02298567444086075
,,,0,,,,,,,,,,,,,,,,,,,,,,,,,,,,,2179,0.01301136240363121
,,,0,,,,,,,,,,,,,,,,,,,,,,,,,,,,,2189,0.013097643852233887
,,,0,,,,,,,,,,,,,,,,,,,,,,,,,,,,,2199,0.008913922123610973
,,,0,,,,,,,,,,,,,,,,,,,,,,,,,,,,,2209,0.14174939692020416
,,,0,,,,,,,,,,,,,,,,,,,,,,,,,,,,,2219,0.21591314673423767
,,,0,,,,,,,,,,,,,,,,,,,,,,,,,,,,,2229,0.1543002426624298
,,,0,,,,,,,,,,,,,,,,,,,,,,,,,,,,,2239,0.003645669436082244
,,,0,,,,,,,,,,,,,,,,,,,,,,,,,,,,,2249,0.062296025454998016
,,,0,,,,,,,,,,,,,,,,,,,,,,,,,,,,,2259,0.2800248861312866
,,,0,,,,,,,,,,,,,,,,,,,,,,,,,,,,,2269,0.0038496926426887512
,,,0,,,,,,,,,,,,,,,,,,,,,,,,,,,,,2279,0.3386603593826294
,,,0,,,,,,,,,,,,,,,,,,,,,,,,,,,,,2289,0.07673612982034683
,,,0,,,,,,,,,,,,,,,,,,,,,,,,,,,,,2299,0.040526922792196274
,,,0,,,,,,,,,,,,,,,,,,,,,,,,,,,,,2309,0.01625216193497181
,,,0,,,,,,,,,,,,,,,,,,,,,,,,,,,,,2319,0.013145028613507748
,,,0,,,,,,,,,,,,,,,,,,,,,,,,,,,,,2329,0.3990899622440338
,,,0,,,,,,,,,,,,,,,,,,,,,,,,,,,,,2339,0.01641211472451687
,,,0,,,,,,,,,,,,,,,,,,,,,,,,,,,,,2349,0.5564681887626648
,,,0,,,,,,,,,,,,,,,,,,,,,,,,,,,,,2359,0.17095796763896942
,,,0,,,,,,,,,,,,,,,,,,,,,,,,,,,,,2369,0.5221156477928162
,,,0,,,,,,,,,,,,,,,,,,,,,,,,,,,,,2379,0.3974088132381439
,,,0,,,,,,,,,,,,,,,,,,,,,,,,,,,,,2389,0.08356916904449463
,,,0,,,,,,,,,,,,,,,,,,,,,,,,,,,,,2399,0.30424633622169495
,,,0,,,,,,,,,,,,,,,,,,,,,,,,,,,,,2409,0.688044548034668
,,,0,,,,,,,,,,,,,,,,,,,,,,,,,,,,,2419,0.022669849917292595
,,,0,,,,,,,,,,,,,,,,,,,,,,,,,,,,,2429,0.006770273670554161
,,,0,,,,,,,,,,,,,,,,,,,,,,,,,,,,,2439,0.5646591782569885
,,,0,,,,,,,,,,,,,,,,,,,,,,,,,,,,,2449,0.2771593928337097
,,,0,,,,,,,,,,,,,,,,,,,,,,,,,,,,,2459,1.2408121824264526
,,,0,,,,,,,,,,,,,,,,,,,,,,,,,,,,,2469,0.02219606377184391
,,,0,,,,,,,,,,,,,,,,,,,,,,,,,,,,,2479,0.02308400347828865
,,,0,,,,,,,,,,,,,,,,,,,,,,,,,,,,,2489,0.32478129863739014
,,,0,,,,,,,,,,,,,,,,,,,,,,,,,,,,,2499,0.004404520150274038
,,,0,,,,,,,,,,,,,,,,,,,,,,,,,,,,,2509,0.01335055474191904
,,,0,,,,,,,,,,,,,,,,,,,,,,,,,,,,,2519,0.008336411789059639
,,,0,,,,,,,,,,,,,,,,,,,,,,,,,,,,,2529,0.017545312643051147
,,,0,,,,,,,,,,,,,,,,,,,,,,,,,,,,,2539,0.2112491875886917
,,,0,,,,,,,,,,,,,,,,,,,,,,,,,,,,,2549,0.51864093542099
,,,0,,,,,,,,,,,,,,,,,,,,,,,,,,,,,2559,0.007574747782200575
,,,0,,,,,,,,,,,,,,,,,,,,,,,,,,,,,2569,0.47758564352989197
,,,0,,,,,,,,,,,,,,,,,,,,,,,,,,,,,2579,0.6991000175476074
,,,0,,,,,,,,,,,,,,,,,,,,,,,,,,,,,2589,0.5570405125617981
,,,0,,,,,,,,,,,,,,,,,,,,,,,,,,,,,2599,0.005562440492212772
,,,0,,,,,,,,,,,,,,,,,,,,,,,,,,,,,2609,0.33251839876174927
,,,0,,,,,,,,,,,,,,,,,,,,,,,,,,,,,2619,0.026687081903219223
,,,0,,,,,,,,,,,,,,,,,,,,,,,,,,,,,2629,0.05572918429970741
,,,0,,,,,,,,,,,,,,,,,,,,,,,,,,,,,2639,0.00027420997503213584
,,,0,,,,,,,,,,,,,,,,,,,,,,,,,,,,,2649,0.014025651849806309
,,,0,,,,,,,,,,,,,,,,,,,,,,,,,,,,,2659,0.0067270915023982525
,,,0,,,,,,,,,,,,,,,,,,,,,,,,,,,,,2669,0.14003440737724304
,,,0,,,,,,,,,,,,,,,,,,,,,,,,,,,,,2679,0.006066359579563141
,,,0,,,,,,,,,,,,,,,,,,,,,,,,,,,,,2689,0.529288113117218
,,,0,,,,,,,,,,,,,,,,,,,,,,,,,,,,,2699,0.1802016645669937
,,,0,,,,,,,,,,,,,,,,,,,,,,,,,,,,,2709,0.046334221959114075
,,,0,,,,,,,,,,,,,,,,,,,,,,,,,,,,,2719,0.05932876467704773
,,,0,,,,,,,,,,,,,,,,,,,,,,,,,,,,,2729,0.8508630990982056
,,,0,,,,,,,,,,,,,,,,,,,,,,,,,,,,,2739,0.01859959214925766
,,,0,,,,,,,,,,,,,,,,,,,,,,,,,,,,,2749,0.0021614825818687677
,,,0,,,,,,,,,,,,,,,,,,,,,,,,,,,,,2759,0.7670733332633972
,,,0,,,,,,,,,,,,,,,,,,,,,,,,,,,,,2769,0.7683338522911072
,,,0,,,,,,,,,,,,,,,,,,,,,,,,,,,,,2779,0.5118804574012756
,,,0,,,,,,,,,,,,,,,,,,,,,,,,,,,,,2789,0.07791522145271301
,,,0,,,,,,,,,,,,,,,,,,,,,,,,,,,,,2799,0.4984891712665558
,,,0,,,,,,,,,,,,,,,,,,,,,,,,,,,,,2809,0.19724255800247192
,,,0,,,,,,,,,,,,,,,,,,,,,,,,,,,,,2819,0.04745379835367203
,,,0,,,,,,,,,,,,,,,,,,,,,,,,,,,,,2829,0.012738032266497612
,,,0,,,,,,,,,,,,,,,,,,,,,,,,,,,,,2839,0.007676824927330017
,,,0,,,,,,,,,,,,,,,,,,,,,,,,,,,,,2849,0.4120534062385559
,,,0,,,,,,,,,,,,,,,,,,,,,,,,,,,,,2859,0.2287079393863678
,,,0,,,,,,,,,,,,,,,,,,,,,,,,,,,,,2869,0.20216584205627441
,,,0,,,,,,,,,,,,,,,,,,,,,,,,,,,,,2879,0.7160179018974304
,,,0,,,,,,,,,,,,,,,,,,,,,,,,,,,,,2889,1.9156854152679443
,,,0,,,,,,,,,,,,,,,,,,,,,,,,,,,,,2899,0.003232050221413374
,,,0,,,,,,,,,,,,,,,,,,,,,,,,,,,,,2909,0.6564543843269348
,,,0,,,,,,,,,,,,,,,,,,,,,,,,,,,,,2919,0.005530022084712982
,,,0,,,,,,,,,,,,,,,,,,,,,,,,,,,,,2929,0.00920085422694683
,,,0,,,,,,,,,,,,,,,,,,,,,,,,,,,,,2939,0.033316612243652344
,,,0,,,,,,,,,,,,,,,,,,,,,,,,,,,,,2949,0.7639409303665161
,,,0,,,,,,,,,,,,,,,,,,,,,,,,,,,,,2959,0.0062436191365122795
,,,0,,,,,,,,,,,,,,,,,,,,,,,,,,,,,2969,0.05184435844421387
,,,0,,,,,,,,,,,,,,,,,,,,,,,,,,,,,2979,0.15765470266342163
,,,0,,,,,,,,,,,,,,,,,,,,,,,,,,,,,2989,1.2804259061813354
,,,0,,,,,,,,,,,,,,,,,,,,,,,,,,,,,2999,0.2880534529685974
,,,,2.2752036252422864e-07,1.2745792515625007e-06,1.9608911562500008e-06,1.9608911562500008e-06,3.0167556250000008e-06,3.0167556250000008e-06,4.641162500000001e-06,4.641162500000001e-06,7.140250000000002e-06,7.140250000000002e-06,1.0985000000000002e-05,2.2752036252422864e-07,1.0985000000000002e-05,1.69e-05,1.69e-05,2.6000000000000005e-05,2.6000000000000005e-05,4e-05,4e-05,4e-05,4e-05,3.500313269603517e-07,3.500313269603517e-07,5.385097337851565e-07,5.385097337851565e-07,8.284765135156254e-07,8.284765135156254e-07,1.2745792515625007e-06,3000,
,,,1,,,,,,,,,,,,,,,,,,,,,,,,,,,,,3009,0.020536081865429878
,,,1,,,,,,,,,,,,,,,,,,,,,,,,,,,,,3019,2.9772555828094482
,,,1,,,,,,,,,,,,,,,,,,,,,,,,,,,,,3029,0.43369603157043457
,,,1,,,,,,,,,,,,,,,,,,,,,,,,,,,,,3039,0.4222705066204071
,,,1,,,,,,,,,,,,,,,,,,,,,,,,,,,,,3049,0.7776412963867188
,,,1,,,,,,,,,,,,,,,,,,,,,,,,,,,,,3059,0.006774830166250467
,,,1,,,,,,,,,,,,,,,,,,,,,,,,,,,,,3069,0.235229030251503
,,,1,,,,,,,,,,,,,,,,,,,,,,,,,,,,,3079,0.263759583234787
,,,1,,,,,,,,,,,,,,,,,,,,,,,,,,,,,3089,0.12352276593446732
,,,1,,,,,,,,,,,,,,,,,,,,,,,,,,,,,3099,0.44140011072158813
,,,1,,,,,,,,,,,,,,,,,,,,,,,,,,,,,3109,0.5288482904434204
,,,1,,,,,,,,,,,,,,,,,,,,,,,,,,,,,3119,0.5971775054931641
,,,1,,,,,,,,,,,,,,,,,,,,,,,,,,,,,3129,0.0828724354505539
,,,1,,,,,,,,,,,,,,,,,,,,,,,,,,,,,3139,0.04079603776335716
,,,1,,,,,,,,,,,,,,,,,,,,,,,,,,,,,3149,0.050647128373384476
,,,1,,,,,,,,,,,,,,,,,,,,,,,,,,,,,3159,0.4073798954486847
,,,1,,,,,,,,,,,,,,,,,,,,,,,,,,,,,3169,1.6573894023895264
,,,1,,,,,,,,,,,,,,,,,,,,,,,,,,,,,3179,0.07542949169874191
,,,1,,,,,,,,,,,,,,,,,,,,,,,,,,,,,3189,0.0044541992247104645
,,,1,,,,,,,,,,,,,,,,,,,,,,,,,,,,,3199,0.0057583521120250225
,,,1,,,,,,,,,,,,,,,,,,,,,,,,,,,,,3209,0.030147789046168327
,,,1,,,,,,,,,,,,,,,,,,,,,,,,,,,,,3219,0.15132226049900055
,,,1,,,,,,,,,,,,,,,,,,,,,,,,,,,,,3229,0.010957750491797924
,,,1,,,,,,,,,,,,,,,,,,,,,,,,,,,,,3239,0.15921716392040253
,,,1,,,,,,,,,,,,,,,,,,,,,,,,,,,,,3249,0.2419092208147049
,,,1,,,,,,,,,,,,,,,,,,,,,,,,,,,,,3259,0.6097493767738342
,,,1,,,,,,,,,,,,,,,,,,,,,,,,,,,,,3269,0.008639683946967125
,,,1,,,,,,,,,,,,,,,,,,,,,,,,,,,,,3279,0.011428067460656166
,,,1,,,,,,,,,,,,,,,,,,,,,,,,,,,,,3289,2.570840835571289
,,,1,,,,,,,,,,,,,,,,,,,,,,,,,,,,,3299,0.06186337396502495
,,,1,,,,,,,,,,,,,,,,,,,,,,,,,,,,,3309,0.05594700574874878
,,,1,,,,,,,,,,,,,,,,,,,,,,,,,,,,,3319,1.0905828475952148
,,,1,,,,,,,,,,,,,,,,,,,,,,,,,,,,,3329,0.0810173973441124
,,,1,,,,,,,,,,,,,,,,,,,,,,,,,,,,,3339,0.00021780672250315547
,,,1,,,,,,,,,,,,,,,,,,,,,,,,,,,,,3349,0.1594191938638687
,,,1,,,,,,,,,,,,,,,,,,,,,,,,,,,,,3359,0.24155160784721375
,,,1,,,,,,,,,,,,,,,,,,,,,,,,,,,,,3369,0.25090038776397705
,,,1,,,,,,,,,,,,,,,,,,,,,,,,,,,,,3379,0.08159128576517105
,,,1,,,,,,,,,,,,,,,,,,,,,,,,,,,,,3389,1.8474897146224976
,,,1,,,,,,,,,,,,,,,,,,,,,,,,,,,,,3399,0.2998148798942566
,,,1,,,,,,,,,,,,,,,,,,,,,,,,,,,,,3409,1.6242599487304688
,,,1,,,,,,,,,,,,,,,,,,,,,,,,,,,,,3419,0.07268364727497101
,,,1,,,,,,,,,,,,,,,,,,,,,,,,,,,,,3429,0.016262441873550415
,,,1,,,,,,,,,,,,,,,,,,,,,,,,,,,,,3439,0.0007546618580818176
,,,1,,,,,,,,,,,,,,,,,,,,,,,,,,,,,3449,0.8987205624580383
,,,1,,,,,,,,,,,,,,,,,,,,,,,,,,,,,3459,0.13158023357391357
,,,1,,,,,,,,,,,,,,,,,,,,,,,,,,,,,3469,0.8652402758598328
,,,1,,,,,,,,,,,,,,,,,,,,,,,,,,,,,3479,0.8572779297828674
,,,1,,,,,,,,,,,,,,,,,,,,,,,,,,,,,3489,0.46782293915748596
,,,1,,,,,,,,,,,,,,,,,,,,,,,,,,,,,3499,0.047127146273851395
,,,1,,,,,,,,,,,,,,,,,,,,,,,,,,,,,3509,0.05813241004943848
,,,1,,,,,,,,,,,,,,,,,,,,,,,,,,,,,3519,0.15052993595600128
,,,1,,,,,,,,,,,,,,,,,,,,,,,,,,,,,3529,0.007937518879771233
,,,1,,,,,,,,,,,,,,,,,,,,,,,,,,,,,3539,0.5887802243232727
,,,1,,,,,,,,,,,,,,,,,,,,,,,,,,,,,3549,0.01456473022699356
,,,1,,,,,,,,,,,,,,,,,,,,,,,,,,,,,3559,0.28629979491233826
,,,1,,,,,,,,,,,,,,,,,,,,,,,,,,,,,3569,0.4525293707847595
,,,1,,,,,,,,,,,,,,,,,,,,,,,,,,,,,3579,0.04003830626606941
,,,1,,,,,,,,,,,,,,,,,,,,,,,,,,,,,3589,0.7928216457366943
,,,1,,,,,,,,,,,,,,,,,,,,,,,,,,,,,3599,0.04027261584997177
,,,1,,,,,,,,,,,,,,,,,,,,,,,,,,,,,3609,0.19136358797550201
,,,1,,,,,,,,,,,,,,,,,,,,,,,,,,,,,3619,0.023866277188062668
,,,1,,,,,,,,,,,,,,,,,,,,,,,,,,,,,3629,0.02337034046649933
,,,1,,,,,,,,,,,,,,,,,,,,,,,,,,,,,3639,2.4069013595581055
,,,1,,,,,,,,,,,,,,,,,,,,,,,,,,,,,3649,0.006625916808843613
,,,1,,,,,,,,,,,,,,,,,,,,,,,,,,,,,3659,0.013089746236801147
,,,1,,,,,,,,,,,,,,,,,,,,,,,,,,,,,3669,0.137464240193367
,,,1,,,,,,,,,,,,,,,,,,,,,,,,,,,,,3679,1.545040488243103
,,,1,,,,,,,,,,,,,,,,,,,,,,,,,,,,,3689,0.4600559175014496
,,,1,,,,,,,,,,,,,,,,,,,,,,,,,,,,,3699,0.02599160373210907
,,,1,,,,,,,,,,,,,,,,,,,,,,,,,,,,,3709,0.5292936563491821
,,,1,,,,,,,,,,,,,,,,,,,,,,,,,,,,,3719,0.0032932411413639784
,,,1,,,,,,,,,,,,,,,,,,,,,,,,,,,,,3729,0.006619692780077457
,,,1,,,,,,,,,,,,,,,,,,,,,,,,,,,,,3739,0.004835184197872877
,,,1,,,,,,,,,,,,,,,,,,,,,,,,,,,,,3749,4.7077317237854
,,,1,,,,,,,,,,,,,,,,,,,,,,,,,,,,,3759,0.007957607507705688
,,,1,,,,,,,,,,,,,,,,,,,,,,,,,,,,,3769,0.09130652993917465
,,,1,,,,,,,,,,,,,,,,,,,,,,,,,,,,,3779,0.15921877324581146
,,,1,,,,,,,,,,,,,,,,,,,,,,,,,,,,,3789,0.14901284873485565
,,,1,,,,,,,,,,,,,,,,,,,,,,,,,,,,,3799,0.023660190403461456
,,,1,,,,,,,,,,,,,,,,,,,,,,,,,,,,,3809,0.7451868653297424
,,,1,,,,,,,,,,,,,,,,,,,,,,,,,,,,,3819,0.417427122592926
,,,1,,,,,,,,,,,,,,,,,,,,,,,,,,,,,3829,3.081186056137085
,,,1,,,,,,,,,,,,,,,,,,,,,,,,,,,,,3839,0.012235275469720364
,,,1,,,,,,,,,,,,,,,,,,,,,,,,,,,,,3849,0.01199454627931118
,,,1,,,,,,,,,,,,,,,,,,,,,,,,,,,,,3859,0.004902377724647522
,,,1,,,,,,,,,,,,,,,,,,,,,,,,,,,,,3869,0.008528187870979309
,,,1,,,,,,,,,,,,,,,,,,,,,,,,,,,,,3879,1.418611764907837
,,,1,,,,,,,,,,,,,,,,,,,,,,,,,,,,,3889,0.005739606451243162
,,,1,,,,,,,,,,,,,,,,,,,,,,,,,,,,,3899,0.10437516868114471
,,,1,,,,,,,,,,,,,,,,,,,,,,,,,,,,,3909,0.11139734834432602
,,,1,,,,,,,,,,,,,,,,,,,,,,,,,,,,,3919,0.4781968891620636
,,,1,,,,,,,,,,,,,,,,,,,,,,,,,,,,,3929,0.07782609015703201
,,,1,,,,,,,,,,,,,,,,,,,,,,,,,,,,,3939,0.17586804926395416
,,,1,,,,,,,,,,,,,,,,,,,,,,,,,,,,,3949,0.21314853429794312
,,,1,,,,,,,,,,,,,,,,,,,,,,,,,,,,,3959,0.20501241087913513
,,,1,,,,,,,,,,,,,,,,,,,,,,,,,,,,,3969,1.0873929262161255
,,,1,,,,,,,,,,,,,,,,,,,,,,,,,,,,,3979,0.016451150178909302
,,,1,,,,,,,,,,,,,,,,,,,,,,,,,,,,,3989,0.12417373806238174
,,,1,,,,,,,,,,,,,,,,,,,,,,,,,,,,,3999,0.0017074249917641282
,,,1,,,,,,,,,,,,,,,,,,,,,,,,,,,,,4009,0.13020513951778412
,,,1,,,,,,,,,,,,,,,,,,,,,,,,,,,,,4019,0.2721545398235321
,,,1,,,,,,,,,,,,,,,,,,,,,,,,,,,,,4029,0.03294382244348526
,,,1,,,,,,,,,,,,,,,,,,,,,,,,,,,,,4039,0.08562345802783966
,,,1,,,,,,,,,,,,,,,,,,,,,,,,,,,,,4049,0.3510589301586151
,,,1,,,,,,,,,,,,,,,,,,,,,,,,,,,,,4059,0.255899578332901
,,,1,,,,,,,,,,,,,,,,,,,,,,,,,,,,,4069,0.04516586661338806
,,,1,,,,,,,,,,,,,,,,,,,,,,,,,,,,,4079,0.0036640220787376165
,,,1,,,,,,,,,,,,,,,,,,,,,,,,,,,,,4089,0.6023989319801331
,,,1,,,,,,,,,,,,,,,,,,,,,,,,,,,,,4099,0.5385385751724243
,,,1,,,,,,,,,,,,,,,,,,,,,,,,,,,,,4109,0.3120006024837494
,,,1,,,,,,,,,,,,,,,,,,,,,,,,,,,,,4119,0.040540751069784164
,,,1,,,,,,,,,,,,,,,,,,,,,,,,,,,,,4129,0.010902084410190582
,,,1,,,,,,,,,,,,,,,,,,,,,,,,,,,,,4139,0.015648867934942245
,,,1,,,,,,,,,,,,,,,,,,,,,,,,,,,,,4149,0.017419857904314995
,,,1,,,,,,,,,,,,,,,,,,,,,,,,,,,,,4159,0.5816752910614014
,,,1,,,,,,,,,,,,,,,,,,,,,,,,,,,,,4169,0.014023292809724808
,,,1,,,,,,,,,,,,,,,,,,,,,,,,,,,,,4179,0.040360093116760254
,,,1,,,,,,,,,,,,,,,,,,,,,,,,,,,,,4189,0.5714812874794006
,,,1,,,,,,,,,,,,,,,,,,,,,,,,,,,,,4199,0.03281981125473976
,,,1,,,,,,,,,,,,,,,,,,,,,,,,,,,,,4209,0.08370997756719589
,,,1,,,,,,,,,,,,,,,,,,,,,,,,,,,,,4219,0.15072330832481384
,,,1,,,,,,,,,,,,,,,,,,,,,,,,,,,,,4229,0.5669108629226685
,,,1,,,,,,,,,,,,,,,,,,,,,,,,,,,,,4239,0.007847171276807785
,,,1,,,,,,,,,,,,,,,,,,,,,,,,,,,,,4249,0.08519983291625977
,,,1,,,,,,,,,,,,,,,,,,,,,,,,,,,,,4259,0.047754302620887756
,,,1,,,,,,,,,,,,,,,,,,,,,,,,,,,,,4269,0.0016220550751313567
,,,1,,,,,,,,,,,,,,,,,,,,,,,,,,,,,4279,0.0012328244047239423
,,,1,,,,,,,,,,,,,,,,,,,,,,,,,,,,,4289,0.883158802986145
,,,1,,,,,,,,,,,,,,,,,,,,,,,,,,,,,4299,0.6570882797241211
,,,1,,,,,,,,,,,,,,,,,,,,,,,,,,,,,4309,0.10944994539022446
,,,1,,,,,,,,,,,,,,,,,,,,,,,,,,,,,4319,0.5131281614303589
,,,1,,,,,,,,,,,,,,,,,,,,,,,,,,,,,4329,0.009547298774123192
,,,1,,,,,,,,,,,,,,,,,,,,,,,,,,,,,4339,0.00934585090726614
,,,1,,,,,,,,,,,,,,,,,,,,,,,,,,,,,4349,1.0814975500106812
,,,1,,,,,,,,,,,,,,,,,,,,,,,,,,,,,4359,0.023378022015094757
,,,1,,,,,,,,,,,,,,,,,,,,,,,,,,,,,4369,0.1423596888780594
,,,1,,,,,,,,,,,,,,,,,,,,,,,,,,,,,4379,2.358751058578491
,,,1,,,,,,,,,,,,,,,,,,,,,,,,,,,,,4389,0.006343004759401083
,,,1,,,,,,,,,,,,,,,,,,,,,,,,,,,,,4399,0.1977940797805786
,,,1,,,,,,,,,,,,,,,,,,,,,,,,,,,,,4409,0.1302378624677658
,,,1,,,,,,,,,,,,,,,,,,,,,,,,,,,,,4419,0.026244528591632843
,,,1,,,,,,,,,,,,,,,,,,,,,,,,,,,,,4429,0.0003326507576275617
,,,1,,,,,,,,,,,,,,,,,,,,,,,,,,,,,4439,0.04920205846428871
,,,1,,,,,,,,,,,,,,,,,,,,,,,,,,,,,4449,5.202934741973877
,,,1,,,,,,,,,,,,,,,,,,,,,,,,,,,,,4459,0.500238299369812
,,,1,,,,,,,,,,,,,,,,,,,,,,,,,,,,,4469,0.0052169859409332275
,,,1,,,,,,,,,,,,,,,,,,,,,,,,,,,,,4479,1.5730605125427246
,,,1,,,,,,,,,,,,,,,,,,,,,,,,,,,,,4489,0.04721302539110184
,,,1,,,,,,,,,,,,,,,,,,,,,,,,,,,,,4499,2.2312724590301514
,,,1,,,,,,,,,,,,,,,,,,,,,,,,,,,,,4509,0.007641642354428768
,,,1,,,,,,,,,,,,,,,,,,,,,,,,,,,,,4519,0.44422295689582825
,,,1,,,,,,,,,,,,,,,,,,,,,,,,,,,,,4529,0.1187388077378273
,,,1,,,,,,,,,,,,,,,,,,,,,,,,,,,,,4539,0.016070809215307236
,,,1,,,,,,,,,,,,,,,,,,,,,,,,,,,,,4549,1.3767108917236328
,,,1,,,,,,,,,,,,,,,,,,,,,,,,,,,,,4559,0.4466193616390228
,,,1,,,,,,,,,,,,,,,,,,,,,,,,,,,,,4569,0.15909981727600098
,,,1,,,,,,,,,,,,,,,,,,,,,,,,,,,,,4579,1.6463611125946045
,,,1,,,,,,,,,,,,,,,,,,,,,,,,,,,,,4589,0.007494946010410786
,,,1,,,,,,,,,,,,,,,,,,,,,,,,,,,,,4599,0.0017642959719523787
,,,1,,,,,,,,,,,,,,,,,,,,,,,,,,,,,4609,0.13463719189167023
,,,1,,,,,,,,,,,,,,,,,,,,,,,,,,,,,4619,0.6681793928146362
,,,1,,,,,,,,,,,,,,,,,,,,,,,,,,,,,4629,0.16821163892745972
,,,1,,,,,,,,,,,,,,,,,,,,,,,,,,,,,4639,0.004075899254530668
,,,1,,,,,,,,,,,,,,,,,,,,,,,,,,,,,4649,0.09994287043809891
,,,1,,,,,,,,,,,,,,,,,,,,,,,,,,,,,4659,0.0031618389766663313
,,,1,,,,,,,,,,,,,,,,,,,,,,,,,,,,,4669,2.961764097213745
,,,1,,,,,,,,,,,,,,,,,,,,,,,,,,,,,4679,0.02914775162935257
,,,1,,,,,,,,,,,,,,,,,,,,,,,,,,,,,4689,0.11918779462575912
,,,1,,,,,,,,,,,,,,,,,,,,,,,,,,,,,4699,0.4478381276130676
,,,1,,,,,,,,,,,,,,,,,,,,,,,,,,,,,4709,0.0031007600482553244
,,,1,,,,,,,,,,,,,,,,,,,,,,,,,,,,,4719,0.7848864197731018
,,,1,,,,,,,,,,,,,,,,,,,,,,,,,,,,,4729,0.0002219896559836343
,,,1,,,,,,,,,,,,,,,,,,,,,,,,,,,,,4739,1.0222457647323608
,,,1,,,,,,,,,,,,,,,,,,,,,,,,,,,,,4749,0.07767778635025024
,,,1,,,,,,,,,,,,,,,,,,,,,,,,,,,,,4759,0.598380446434021
,,,1,,,,,,,,,,,,,,,,,,,,,,,,,,,,,4769,0.07332700490951538
,,,1,,,,,,,,,,,,,,,,,,,,,,,,,,,,,4779,0.19792035222053528
,,,1,,,,,,,,,,,,,,,,,,,,,,,,,,,,,4789,0.2843628525733948
,,,1,,,,,,,,,,,,,,,,,,,,,,,,,,,,,4799,0.297950804233551
,,,1,,,,,,,,,,,,,,,,,,,,,,,,,,,,,4809,0.061669837683439255
,,,1,,,,,,,,,,,,,,,,,,,,,,,,,,,,,4819,0.008486169390380383
,,,1,,,,,,,,,,,,,,,,,,,,,,,,,,,,,4829,0.022541850805282593
,,,1,,,,,,,,,,,,,,,,,,,,,,,,,,,,,4839,0.011670214124023914
,,,1,,,,,,,,,,,,,,,,,,,,,,,,,,,,,4849,0.09240856021642685
,,,1,,,,,,,,,,,,,,,,,,,,,,,,,,,,,4859,0.5779669284820557
,,,1,,,,,,,,,,,,,,,,,,,,,,,,,,,,,4869,6.033397197723389
,,,1,,,,,,,,,,,,,,,,,,,,,,,,,,,,,4879,0.037216171622276306
,,,1,,,,,,,,,,,,,,,,,,,,,,,,,,,,,4889,0.19126829504966736
,,,1,,,,,,,,,,,,,,,,,,,,,,,,,,,,,4899,0.4497114419937134
,,,1,,,,,,,,,,,,,,,,,,,,,,,,,,,,,4909,0.16840405762195587
,,,1,,,,,,,,,,,,,,,,,,,,,,,,,,,,,4919,0.013792203739285469
,,,1,,,,,,,,,,,,,,,,,,,,,,,,,,,,,4929,0.07824637740850449
,,,1,,,,,,,,,,,,,,,,,,,,,,,,,,,,,4939,0.008372660726308823
,,,1,,,,,,,,,,,,,,,,,,,,,,,,,,,,,4949,0.0035645030438899994
,,,1,,,,,,,,,,,,,,,,,,,,,,,,,,,,,4959,0.5999378561973572
,,,1,,,,,,,,,,,,,,,,,,,,,,,,,,,,,4969,0.004542463459074497
,,,1,,,,,,,,,,,,,,,,,,,,,,,,,,,,,4979,0.5974974632263184
,,,1,,,,,,,,,,,,,,,,,,,,,,,,,,,,,4989,0.06967343389987946
,,,1,,,,,,,,,,,,,,,,,,,,,,,,,,,,,4999,0.15147268772125244
,,,1,,,,,,,,,,,,,,,,,,,,,,,,,,,,,5009,0.1261608600616455
,,,1,,,,,,,,,,,,,,,,,,,,,,,,,,,,,5019,0.4260934591293335
,,,1,,,,,,,,,,,,,,,,,,,,,,,,,,,,,5029,0.028549859300255775
,,,1,,,,,,,,,,,,,,,,,,,,,,,,,,,,,5039,0.03184401988983154
,,,1,,,,,,,,,,,,,,,,,,,,,,,,,,,,,5049,0.6126219630241394
,,,1,,,,,,,,,,,,,,,,,,,,,,,,,,,,,5059,0.25858521461486816
,,,1,,,,,,,,,,,,,,,,,,,,,,,,,,,,,5069,0.0742497369647026
,,,1,,,,,,,,,,,,,,,,,,,,,,,,,,,,,5079,0.25226378440856934
,,,1,,,,,,,,,,,,,,,,,,,,,,,,,,,,,5089,0.01753646321594715
,,,1,,,,,,,,,,,,,,,,,,,,,,,,,,,,,5099,0.5499412417411804
,,,1,,,,,,,,,,,,,,,,,,,,,,,,,,,,,5109,0.28017160296440125
,,,1,,,,,,,,,,,,,,,,,,,,,,,,,,,,,5119,0.07214874774217606
,,,1,,,,,,,,,,,,,,,,,,,,,,,,,,,,,5129,0.01468820869922638
,,,1,,,,,,,,,,,,,,,,,,,,,,,,,,,,,5139,0.38896292448043823
,,,1,,,,,,,,,,,,,,,,,,,,,,,,,,,,,5149,0.6784625053405762
,,,1,,,,,,,,,,,,,,,,,,,,,,,,,,,,,5159,0.009885347448289394
,,,1,,,,,,,,,,,,,,,,,,,,,,,,,,,,,5169,0.3264169692993164
,,,1,,,,,,,,,,,,,,,,,,,,,,,,,,,,,5179,0.006905682384967804
,,,1,,,,,,,,,,,,,,,,,,,,,,,,,,,,,5189,0.0024859150871634483
,,,1,,,,,,,,,,,,,,,,,,,,,,,,,,,,,5199,0.004475507885217667
,,,1,,,,,,,,,,,,,,,,,,,,,,,,,,,,,5209,0.11221674829721451
,,,1,,,,,,,,,,,,,,,,,,,,,,,,,,,,,5219,0.05741238221526146
,,,1,,,,,,,,,,,,,,,,,,,,,,,,,,,,,5229,0.13203488290309906
,,,1,,,,,,,,,,,,,,,,,,,,,,,,,,,,,5239,0.010904796421527863
,,,1,,,,,,,,,,,,,,,,,,,,,,,,,,,,,5249,0.0007468098774552345
,,,1,,,,,,,,,,,,,,,,,,,,,,,,,,,,,5259,0.0029927517753094435
,,,1,,,,,,,,,,,,,,,,,,,,,,,,,,,,,5269,0.7905506491661072
,,,1,,,,,,,,,,,,,,,,,,,,,,,,,,,,,5279,0.016974573954939842
,,,1,,,,,,,,,,,,,,,,,,,,,,,,,,,,,5289,0.1285289227962494
,,,1,,,,,,,,,,,,,,,,,,,,,,,,,,,,,5299,0.03383335471153259
,,,1,,,,,,,,,,,,,,,,,,,,,,,,,,,,,5309,0.6310456991195679
,,,1,,,,,,,,,,,,,,,,,,,,,,,,,,,,,5319,1.2423834800720215
,,,1,,,,,,,,,,,,,,,,,,,,,,,,,,,,,5329,0.47997933626174927
,,,1,,,,,,,,,,,,,,,,,,,,,,,,,,,,,5339,1.382851004600525
,,,1,,,,,,,,,,,,,,,,,,,,,,,,,,,,,5349,0.36466407775878906
,,,1,,,,,,,,,,,,,,,,,,,,,,,,,,,,,5359,0.006892919074743986
,,,1,,,,,,,,,,,,,,,,,,,,,,,,,,,,,5369,0.00704216631129384
,,,1,,,,,,,,,,,,,,,,,,,,,,,,,,,,,5379,1.0725897550582886
,,,1,,,,,,,,,,,,,,,,,,,,,,,,,,,,,5389,0.10791800916194916
,,,1,,,,,,,,,,,,,,,,,,,,,,,,,,,,,5399,0.6015613079071045
,,,1,,,,,,,,,,,,,,,,,,,,,,,,,,,,,5409,0.01963965967297554
,,,1,,,,,,,,,,,,,,,,,,,,,,,,,,,,,5419,0.026509422808885574
,,,1,,,,,,,,,,,,,,,,,,,,,,,,,,,,,5429,1.0641127824783325
,,,1,,,,,,,,,,,,,,,,,,,,,,,,,,,,,5439,1.928107738494873
,,,1,,,,,,,,,,,,,,,,,,,,,,,,,,,,,5449,0.6158161759376526
,,,1,,,,,,,,,,,,,,,,,,,,,,,,,,,,,5459,0.4282262325286865
,,,1,,,,,,,,,,,,,,,,,,,,,,,,,,,,,5469,0.48135411739349365
,,,1,,,,,,,,,,,,,,,,,,,,,,,,,,,,,5479,0.07903897017240524
,,,1,,,,,,,,,,,,,,,,,,,,,,,,,,,,,5489,1.1673622131347656
,,,1,,,,,,,,,,,,,,,,,,,,,,,,,,,,,5499,0.1698279231786728
,,,1,,,,,,,,,,,,,,,,,,,,,,,,,,,,,5509,0.37237128615379333
,,,1,,,,,,,,,,,,,,,,,,,,,,,,,,,,,5519,0.1704627424478531
,,,1,,,,,,,,,,,,,,,,,,,,,,,,,,,,,5529,0.6948888897895813
,,,1,,,,,,,,,,,,,,,,,,,,,,,,,,,,,5539,0.01754179783165455
,,,1,,,,,,,,,,,,,,,,,,,,,,,,,,,,,5549,0.0037890386302024126
,,,1,,,,,,,,,,,,,,,,,,,,,,,,,,,,,5559,0.21676945686340332
,,,1,,,,,,,,,,,,,,,,,,,,,,,,,,,,,5569,0.07095558941364288
,,,1,,,,,,,,,,,,,,,,,,,,,,,,,,,,,5579,0.14251920580863953
,,,1,,,,,,,,,,,,,,,,,,,,,,,,,,,,,5589,0.13979472219944
,,,1,,,,,,,,,,,,,,,,,,,,,,,,,,,,,5599,0.030588310211896896
,,,1,,,,,,,,,,,,,,,,,,,,,,,,,,,,,5609,0.006831768434494734
,,,1,,,,,,,,,,,,,,,,,,,,,,,,,,,,,5619,0.025924617424607277
,,,1,,,,,,,,,,,,,,,,,,,,,,,,,,,,,5629,0.0021377266384661198
,,,1,,,,,,,,,,,,,,,,,,,,,,,,,,,,,5639,1.8847103118896484
,,,1,,,,,,,,,,,,,,,,,,,,,,,,,,,,,5649,0.008828130550682545
,,,1,,,,,,,,,,,,,,,,,,,,,,,,,,,,,5659,0.4631117582321167
,,,1,,,,,,,,,,,,,,,,,,,,,,,,,,,,,5669,0.0024590459652245045
,,,1,,,,,,,,,,,,,,,,,,,,,,,,,,,,,5679,0.009348173625767231
,,,1,,,,,,,,,,,,,,,,,,,,,,,,,,,,,5689,0.007026057690382004
,,,1,,,,,,,,,,,,,,,,,,,,,,,,,,,,,5699,0.15662197768688202
,,,1,,,,,,,,,,,,,,,,,,,,,,,,,,,,,5709,0.09688818454742432
,,,1,,,,,,,,,,,,,,,,,,,,,,,,,,,,,5719,0.11279783397912979
,,,1,,,,,,,,,,,,,,,,,,,,,,,,,,,,,5729,3.639892101287842
,,,1,,,,,,,,,,,,,,,,,,,,,,,,,,,,,5739,0.8406676650047302
,,,1,,,,,,,,,,,,,,,,,,,,,,,,,,,,,5749,0.024826325476169586
,,,1,,,,,,,,,,,,,,,,,,,,,,,,,,,,,5759,0.003335591871291399
,,,1,,,,,,,,,,,,,,,,,,,,,,,,,,,,,5769,0.025059843435883522
,,,1,,,,,,,,,,,,,,,,,,,,,,,,,,,,,5779,0.04548319801688194
,,,1,,,,,,,,,,,,,,,,,,,,,,,,,,,,,5789,0.9631497859954834
,,,1,,,,,,,,,,,,,,,,,,,,,,,,,,,,,5799,0.04170709475874901
,,,1,,,,,,,,,,,,,,,,,,,,,,,,,,,,,5809,0.29864224791526794
,,,1,,,,,,,,,,,,,,,,,,,,,,,,,,,,,5819,0.1655861735343933
,,,1,,,,,,,,,,,,,,,,,,,,,,,,,,,,,5829,2.836913585662842
,,,1,,,,,,,,,,,,,,,,,,,,,,,,,,,,,5839,0.0042525241151452065
,,,1,,,,,,,,,,,,,,,,,,,,,,,,,,,,,5849,0.024182187393307686
,,,1,,,,,,,,,,,,,,,,,,,,,,,,,,,,,5859,0.11063595116138458
,,,1,,,,,,,,,,,,,,,,,,,,,,,,,,,,,5869,0.0793134793639183
,,,1,,,,,,,,,,,,,,,,,,,,,,,,,,,,,5879,0.5292545557022095
,,,1,,,,,,,,,,,,,,,,,,,,,,,,,,,,,5889,0.013667563907802105
,,,1,,,,,,,,,,,,,,,,,,,,,,,,,,,,,5899,0.4541051387786865
,,,1,,,,,,,,,,,,,,,,,,,,,,,,,,,,,5909,0.1436900645494461
,,,1,,,,,,,,,,,,,,,,,,,,,,,,,,,,,5919,0.01879480853676796
,,,1,,,,,,,,,,,,,,,,,,,,,,,,,,,,,5929,0.9400368928909302
,,,1,,,,,,,,,,,,,,,,,,,,,,,,,,,,,5939,0.03878142312169075
,,,1,,,,,,,,,,,,,,,,,,,,,,,,,,,,,5949,0.029696598649024963
,,,1,,,,,,,,,,,,,,,,,,,,,,,,,,,,,5959,0.18002982437610626
,,,1,,,,,,,,,,,,,,,,,,,,,,,,,,,,,5969,0.18816877901554108
,,,1,,,,,,,,,,,,,,,,,,,,,,,,,,,,,5979,0.009059005416929722
,,,1,,,,,,,,,,,,,,,,,,,,,,,,,,,,,5989,0.21517930924892426
,,,1,,,,,,,,,,,,,,,,,,,,,,,,,,,,,5999,0.2183856964111328
,,,,3.4128054378634294e-07,1.911868877343751e-06,2.9413367343750007e-06,2.9413367343750007e-06,4.525133437500001e-06,4.525133437500001e-06,6.961743750000001e-06,6.961743750000001e-06,1.0710375000000002e-05,1.0710375000000002e-05,1.6477500000000003e-05,3.4128054378634294e-07,1.6477500000000003e-05,2.5350000000000003e-05,2.5350000000000003e-05,3.9000000000000006e-05,3.9000000000000006e-05,6e-05,6e-05,6e-05,6e-05,5.250469904405275e-07,5.250469904405275e-07,8.077646006777347e-07,8.077646006777347e-07,1.2427147702734379e-06,1.2427147702734379e-06,1.911868877343751e-06,6000,
,,,2,,,,,,,,,,,,,,,,,,,,,,,,,,,,,6009,0.009505064226686954
,,,2,,,,,,,,,,,,,,,,,,,,,,,,,,,,,6019,0.003037121845409274
,,,2,,,,,,,,,,,,,,,,,,,,,,,,,,,,,6029,0.08449217677116394
,,,2,,,,,,,,,,,,,,,,,,,,,,,,,,,,,6039,2.069471597671509
,,,2,,,,,,,,,,,,,,,,,,,,,,,,,,,,,6049,1.1687183380126953
,,,2,,,,,,,,,,,,,,,,,,,,,,,,,,,,,6059,0.0032773667480796576
,,,2,,,,,,,,,,,,,,,,,,,,,,,,,,,,,6069,0.12940455973148346
,,,2,,,,,,,,,,,,,,,,,,,,,,,,,,,,,6079,0.15302877128124237
,,,2,,,,,,,,,,,,,,,,,,,,,,,,,,,,,6089,0.5681883692741394
,,,2,,,,,,,,,,,,,,,,,,,,,,,,,,,,,6099,4.639148235321045
,,,2,,,,,,,,,,,,,,,,,,,,,,,,,,,,,6109,0.4134293794631958
,,,2,,,,,,,,,,,,,,,,,,,,,,,,,,,,,6119,0.13452214002609253
,,,2,,,,,,,,,,,,,,,,,,,,,,,,,,,,,6129,1.1888242959976196
,,,2,,,,,,,,,,,,,,,,,,,,,,,,,,,,,6139,0.3914826810359955
,,,2,,,,,,,,,,,,,,,,,,,,,,,,,,,,,6149,0.10999906808137894
,,,2,,,,,,,,,,,,,,,,,,,,,,,,,,,,,6159,0.0968397781252861
,,,2,,,,,,,,,,,,,,,,,,,,,,,,,,,,,6169,0.27374404668807983
,,,2,,,,,,,,,,,,,,,,,,,,,,,,,,,,,6179,0.004160807467997074
,,,2,,,,,,,,,,,,,,,,,,,,,,,,,,,,,6189,0.010848005302250385
,,,2,,,,,,,,,,,,,,,,,,,,,,,,,,,,,6199,2.096223831176758
,,,2,,,,,,,,,,,,,,,,,,,,,,,,,,,,,6209,0.010767962783575058
,,,2,,,,,,,,,,,,,,,,,,,,,,,,,,,,,6219,0.12348294258117676
,,,2,,,,,,,,,,,,,,,,,,,,,,,,,,,,,6229,2.5216732025146484
,,,2,,,,,,,,,,,,,,,,,,,,,,,,,,,,,6239,1.4133511781692505
,,,2,,,,,,,,,,,,,,,,,,,,,,,,,,,,,6249,0.012329294346272945
,,,2,,,,,,,,,,,,,,,,,,,,,,,,,,,,,6259,0.010300685651600361
,,,2,,,,,,,,,,,,,,,,,,,,,,,,,,,,,6269,0.7385943531990051
,,,2,,,,,,,,,,,,,,,,,,,,,,,,,,,,,6279,0.008010851219296455
,,,2,,,,,,,,,,,,,,,,,,,,,,,,,,,,,6289,0.7527262568473816
,,,2,,,,,,,,,,,,,,,,,,,,,,,,,,,,,6299,0.0022632356267422438
,,,2,,,,,,,,,,,,,,,,,,,,,,,,,,,,,6309,0.14660459756851196
,,,2,,,,,,,,,,,,,,,,,,,,,,,,,,,,,6319,0.56868577003479
,,,2,,,,,,,,,,,,,,,,,,,,,,,,,,,,,6329,0.17595356702804565
,,,2,,,,,,,,,,,,,,,,,,,,,,,,,,,,,6339,0.007490446791052818
,,,2,,,,,,,,,,,,,,,,,,,,,,,,,,,,,6349,1.3959904909133911
,,,2,,,,,,,,,,,,,,,,,,,,,,,,,,,,,6359,0.17508849501609802
,,,2,,,,,,,,,,,,,,,,,,,,,,,,,,,,,6369,0.49896079301834106
,,,2,,,,,,,,,,,,,,,,,,,,,,,,,,,,,6379,0.6038505434989929
,,,2,,,,,,,,,,,,,,,,,,,,,,,,,,,,,6389,0.1864251345396042
,,,2,,,,,,,,,,,,,,,,,,,,,,,,,,,,,6399,0.1973828673362732
,,,2,,,,,,,,,,,,,,,,,,,,,,,,,,,,,6409,0.007774831727147102
,,,2,,,,,,,,,,,,,,,,,,,,,,,,,,,,,6419,2.275575637817383
,,,2,,,,,,,,,,,,,,,,,,,,,,,,,,,,,6429,0.09591865539550781
,,,2,,,,,,,,,,,,,,,,,,,,,,,,,,,,,6439,0.2750129699707031
,,,2,,,,,,,,,,,,,,,,,,,,,,,,,,,,,6449,0.9649090766906738
,,,2,,,,,,,,,,,,,,,,,,,,,,,,,,,,,6459,0.0025900541804730892
,,,2,,,,,,,,,,,,,,,,,,,,,,,,,,,,,6469,0.019748711958527565
,,,2,,,,,,,,,,,,,,,,,,,,,,,,,,,,,6479,0.2744901776313782
,,,2,,,,,,,,,,,,,,,,,,,,,,,,,,,,,6489,0.01429563295096159
,,,2,,,,,,,,,,,,,,,,,,,,,,,,,,,,,6499,0.09826084226369858
,,,2,,,,,,,,,,,,,,,,,,,,,,,,,,,,,6509,0.008713087998330593
,,,2,,,,,,,,,,,,,,,,,,,,,,,,,,,,,6519,0.4083913266658783
,,,2,,,,,,,,,,,,,,,,,,,,,,,,,,,,,6529,0.047252584248781204
,,,2,,,,,,,,,,,,,,,,,,,,,,,,,,,,,6539,0.8954178690910339
,,,2,,,,,,,,,,,,,,,,,,,,,,,,,,,,,6549,0.4333980679512024
,,,2,,,,,,,,,,,,,,,,,,,,,,,,,,,,,6559,0.04627111554145813
,,,2,,,,,,,,,,,,,,,,,,,,,,,,,,,,,6569,0.45383721590042114
,,,2,,,,,,,,,,,,,,,,,,,,,,,,,,,,,6579,0.18101723492145538
,,,2,,,,,,,,,,,,,,,,,,,,,,,,,,,,,6589,0.8172106146812439
,,,2,,,,,,,,,,,,,,,,,,,,,,,,,,,,,6599,0.09574899822473526
,,,2,,,,,,,,,,,,,,,,,,,,,,,,,,,,,6609,1.8485701084136963
,,,2,,,,,,,,,,,,,,,,,,,,,,,,,,,,,6619,0.006246656179428101
,,,2,,,,,,,,,,,,,,,,,,,,,,,,,,,,,6629,0.28577449917793274
,,,2,,,,,,,,,,,,,,,,,,,,,,,,,,,,,6639,1.0615320205688477
,,,2,,,,,,,,,,,,,,,,,,,,,,,,,,,,,6649,0.38180679082870483
,,,2,,,,,,,,,,,,,,,,,,,,,,,,,,,,,6659,1.74017333984375
,,,2,,,,,,,,,,,,,,,,,,,,,,,,,,,,,6669,0.07628395408391953
,,,2,,,,,,,,,,,,,,,,,,,,,,,,,,,,,6679,0.04754313826560974
,,,2,,,,,,,,,,,,,,,,,,,,,,,,,,,,,6689,0.001872765482403338
,,,2,,,,,,,,,,,,,,,,,,,,,,,,,,,,,6699,0.27655112743377686
,,,2,,,,,,,,,,,,,,,,,,,,,,,,,,,,,6709,1.53184974193573
,,,2,,,,,,,,,,,,,,,,,,,,,,,,,,,,,6719,0.762336015701294
,,,2,,,,,,,,,,,,,,,,,,,,,,,,,,,,,6729,1.6480865478515625
,,,2,,,,,,,,,,,,,,,,,,,,,,,,,,,,,6739,0.6022620797157288
,,,2,,,,,,,,,,,,,,,,,,,,,,,,,,,,,6749,1.7168031930923462
,,,2,,,,,,,,,,,,,,,,,,,,,,,,,,,,,6759,0.4143705368041992
,,,2,,,,,,,,,,,,,,,,,,,,,,,,,,,,,6769,0.11990109831094742
,,,2,,,,,,,,,,,,,,,,,,,,,,,,,,,,,6779,0.8559147715568542
,,,2,,,,,,,,,,,,,,,,,,,,,,,,,,,,,6789,0.07108340412378311
,,,2,,,,,,,,,,,,,,,,,,,,,,,,,,,,,6799,0.24044707417488098
,,,2,,,,,,,,,,,,,,,,,,,,,,,,,,,,,6809,0.05505375191569328
,,,2,,,,,,,,,,,,,,,,,,,,,,,,,,,,,6819,0.2045934647321701
,,,2,,,,,,,,,,,,,,,,,,,,,,,,,,,,,6829,0.3240717947483063
,,,2,,,,,,,,,,,,,,,,,,,,,,,,,,,,,6839,0.18219365179538727
,,,2,,,,,,,,,,,,,,,,,,,,,,,,,,,,,6849,0.5532668232917786
,,,2,,,,,,,,,,,,,,,,,,,,,,,,,,,,,6859,0.508026659488678
,,,2,,,,,,,,,,,,,,,,,,,,,,,,,,,,,6869,0.0205245241522789
,,,2,,,,,,,,,,,,,,,,,,,,,,,,,,,,,6879,0.5358325839042664
,,,2,,,,,,,,,,,,,,,,,,,,,,,,,,,,,6889,0.004882627632468939
,,,2,,,,,,,,,,,,,,,,,,,,,,,,,,,,,6899,0.07045299559831619
,,,2,,,,,,,,,,,,,,,,,,,,,,,,,,,,,6909,0.015238103456795216
,,,2,,,,,,,,,,,,,,,,,,,,,,,,,,,,,6919,0.8303718566894531
,,,2,,,,,,,,,,,,,,,,,,,,,,,,,,,,,6929,0.10369456559419632
,,,2,,,,,,,,,,,,,,,,,,,,,,,,,,,,,6939,0.18806564807891846
,,,2,,,,,,,,,,,,,,,,,,,,,,,,,,,,,6949,4.527264536591247e-05
,,,2,,,,,,,,,,,,,,,,,,,,,,,,,,,,,6959,1.851570725440979
,,,2,,,,,,,,,,,,,,,,,,,,,,,,,,,,,6969,0.015443123877048492
,,,2,,,,,,,,,,,,,,,,,,,,,,,,,,,,,6979,1.1073390245437622
,,,2,,,,,,,,,,,,,,,,,,,,,,,,,,,,,6989,0.150918647646904
,,,2,,,,,,,,,,,,,,,,,,,,,,,,,,,,,6999,0.004119223449379206
,,,2,,,,,,,,,,,,,,,,,,,,,,,,,,,,,7009,0.5964276194572449
,,,2,,,,,,,,,,,,,,,,,,,,,,,,,,,,,7019,0.011026785708963871
,,,2,,,,,,,,,,,,,,,,,,,,,,,,,,,,,7029,0.011319471523165703
,,,2,,,,,,,,,,,,,,,,,,,,,,,,,,,,,7039,0.0041023180820047855
,,,2,,,,,,,,,,,,,,,,,,,,,,,,,,,,,7049,0.06150509789586067
,,,2,,,,,,,,,,,,,,,,,,,,,,,,,,,,,7059,0.0016576824709773064
,,,2,,,,,,,,,,,,,,,,,,,,,,,,,,,,,7069,0.3910611569881439
,,,2,,,,,,,,,,,,,,,,,,,,,,,,,,,,,7079,0.005091057159006596
,,,2,,,,,,,,,,,,,,,,,,,,,,,,,,,,,7089,0.10106197744607925
,,,2,,,,,,,,,,,,,,,,,,,,,,,,,,,,,7099,0.16750113666057587
,,,2,,,,,,,,,,,,,,,,,,,,,,,,,,,,,7109,0.22592046856880188
,,,2,,,,,,,,,,,,,,,,,,,,,,,,,,,,,7119,3.5808582305908203
,,,2,,,,,,,,,,,,,,,,,,,,,,,,,,,,,7129,0.5879669785499573
,,,2,,,,,,,,,,,,,,,,,,,,,,,,,,,,,7139,0.018298877403140068
,,,2,,,,,,,,,,,,,,,,,,,,,,,,,,,,,7149,0.0367695614695549
,,,2,,,,,,,,,,,,,,,,,,,,,,,,,,,,,7159,0.05252408981323242
,,,2,,,,,,,,,,,,,,,,,,,,,,,,,,,,,7169,0.05443713441491127
,,,2,,,,,,,,,,,,,,,,,,,,,,,,,,,,,7179,0.04155324772000313
,,,2,,,,,,,,,,,,,,,,,,,,,,,,,,,,,7189,0.15475572645664215
,,,2,,,,,,,,,,,,,,,,,,,,,,,,,,,,,7199,0.0015533834230154753
,,,2,,,,,,,,,,,,,,,,,,,,,,,,,,,,,7209,0.2650158703327179
,,,2,,,,,,,,,,,,,,,,,,,,,,,,,,,,,7219,0.5300860404968262
,,,2,,,,,,,,,,,,,,,,,,,,,,,,,,,,,7229,0.44517549872398376
,,,2,,,,,,,,,,,,,,,,,,,,,,,,,,,,,7239,0.547622799873352
,,,2,,,,,,,,,,,,,,,,,,,,,,,,,,,,,7249,0.01860693469643593
,,,2,,,,,,,,,,,,,,,,,,,,,,,,,,,,,7259,0.672904908657074
,,,2,,,,,,,,,,,,,,,,,,,,,,,,,,,,,7269,0.29519379138946533
,,,2,,,,,,,,,,,,,,,,,,,,,,,,,,,,,7279,1.5005241632461548
,,,2,,,,,,,,,,,,,,,,,,,,,,,,,,,,,7289,0.05982212349772453
,,,2,,,,,,,,,,,,,,,,,,,,,,,,,,,,,7299,0.652371883392334
,,,2,,,,,,,,,,,,,,,,,,,,,,,,,,,,,7309,0.3066073954105377
,,,2,,,,,,,,,,,,,,,,,,,,,,,,,,,,,7319,0.08570627123117447
,,,2,,,,,,,,,,,,,,,,,,,,,,,,,,,,,7329,0.026847844943404198
,,,2,,,,,,,,,,,,,,,,,,,,,,,,,,,,,7339,0.6092578768730164
,,,2,,,,,,,,,,,,,,,,,,,,,,,,,,,,,7349,1.2395305633544922
,,,2,,,,,,,,,,,,,,,,,,,,,,,,,,,,,7359,0.4410000443458557
,,,2,,,,,,,,,,,,,,,,,,,,,,,,,,,,,7369,0.02026563510298729
,,,2,,,,,,,,,,,,,,,,,,,,,,,,,,,,,7379,1.31153404712677
,,,2,,,,,,,,,,,,,,,,,,,,,,,,,,,,,7389,0.006731727626174688
,,,2,,,,,,,,,,,,,,,,,,,,,,,,,,,,,7399,0.1855631321668625
,,,2,,,,,,,,,,,,,,,,,,,,,,,,,,,,,7409,0.027553770691156387
,,,2,,,,,,,,,,,,,,,,,,,,,,,,,,,,,7419,0.14996352791786194
,,,2,,,,,,,,,,,,,,,,,,,,,,,,,,,,,7429,0.011022060178220272
,,,2,,,,,,,,,,,,,,,,,,,,,,,,,,,,,7439,0.3258036971092224
,,,2,,,,,,,,,,,,,,,,,,,,,,,,,,,,,7449,0.6655563712120056
,,,2,,,,,,,,,,,,,,,,,,,,,,,,,,,,,7459,0.018876362591981888
,,,2,,,,,,,,,,,,,,,,,,,,,,,,,,,,,7469,0.004578485619276762
,,,2,,,,,,,,,,,,,,,,,,,,,,,,,,,,,7479,0.027885813266038895
,,,2,,,,,,,,,,,,,,,,,,,,,,,,,,,,,7489,0.042130909860134125
,,,2,,,,,,,,,,,,,,,,,,,,,,,,,,,,,7499,0.0032569095492362976
,,,2,,,,,,,,,,,,,,,,,,,,,,,,,,,,,7509,0.006167563609778881
,,,2,,,,,,,,,,,,,,,,,,,,,,,,,,,,,7519,0.6591628789901733
,,,2,,,,,,,,,,,,,,,,,,,,,,,,,,,,,7529,0.01113978959619999
,,,2,,,,,,,,,,,,,,,,,,,,,,,,,,,,,7539,0.320834219455719
,,,2,,,,,,,,,,,,,,,,,,,,,,,,,,,,,7549,0.19140668213367462
,,,2,,,,,,,,,,,,,,,,,,,,,,,,,,,,,7559,1.1963589191436768
,,,2,,,,,,,,,,,,,,,,,,,,,,,,,,,,,7569,0.010830304585397243
,,,2,,,,,,,,,,,,,,,,,,,,,,,,,,,,,7579,0.019745483994483948
,,,2,,,,,,,,,,,,,,,,,,,,,,,,,,,,,7589,3.4929730892181396
,,,2,,,,,,,,,,,,,,,,,,,,,,,,,,,,,7599,0.8116202354431152
,,,2,,,,,,,,,,,,,,,,,,,,,,,,,,,,,7609,0.2003888487815857
,,,2,,,,,,,,,,,,,,,,,,,,,,,,,,,,,7619,0.4697219133377075
,,,2,,,,,,,,,,,,,,,,,,,,,,,,,,,,,7629,0.00709215272217989
,,,2,,,,,,,,,,,,,,,,,,,,,,,,,,,,,7639,0.09190002083778381
,,,2,,,,,,,,,,,,,,,,,,,,,,,,,,,,,7649,0.08418704569339752
,,,2,,,,,,,,,,,,,,,,,,,,,,,,,,,,,7659,0.0848180428147316
,,,2,,,,,,,,,,,,,,,,,,,,,,,,,,,,,7669,0.19100229442119598
,,,2,,,,,,,,,,,,,,,,,,,,,,,,,,,,,7679,0.569187343120575
,,,2,,,,,,,,,,,,,,,,,,,,,,,,,,,,,7689,0.028638221323490143
,,,2,,,,,,,,,,,,,,,,,,,,,,,,,,,,,7699,0.045097336173057556
,,,2,,,,,,,,,,,,,,,,,,,,,,,,,,,,,7709,0.9634918570518494
,,,2,,,,,,,,,,,,,,,,,,,,,,,,,,,,,7719,1.8870466947555542
,,,2,,,,,,,,,,,,,,,,,,,,,,,,,,,,,7729,0.4552372992038727
,,,2,,,,,,,,,,,,,,,,,,,,,,,,,,,,,7739,0.012810303829610348
,,,2,,,,,,,,,,,,,,,,,,,,,,,,,,,,,7749,0.061115652322769165
,,,2,,,,,,,,,,,,,,,,,,,,,,,,,,,,,7759,0.20344580709934235
,,,2,,,,,,,,,,,,,,,,,,,,,,,,,,,,,7769,0.005408850032836199
,,,2,,,,,,,,,,,,,,,,,,,,,,,,,,,,,7779,0.05068925768136978
,,,2,,,,,,,,,,,,,,,,,,,,,,,,,,,,,7789,1.6200286149978638
,,,2,,,,,,,,,,,,,,,,,,,,,,,,,,,,,7799,0.028902657330036163
,,,2,,,,,,,,,,,,,,,,,,,,,,,,,,,,,7809,0.2526572644710541
,,,2,,,,,,,,,,,,,,,,,,,,,,,,,,,,,7819,0.0057220482267439365
,,,2,,,,,,,,,,,,,,,,,,,,,,,,,,,,,7829,0.06533335149288177
,,,2,,,,,,,,,,,,,,,,,,,,,,,,,,,,,7839,0.0014965864829719067
,,,2,,,,,,,,,,,,,,,,,,,,,,,,,,,,,7849,0.002490251325070858
,,,2,,,,,,,,,,,,,,,,,,,,,,,,,,,,,7859,0.6499224901199341
,,,2,,,,,,,,,,,,,,,,,,,,,,,,,,,,,7869,0.006055440753698349
,,,2,,,,,,,,,,,,,,,,,,,,,,,,,,,,,7879,0.015152905136346817
,,,2,,,,,,,,,,,,,,,,,,,,,,,,,,,,,7889,0.16994918882846832
,,,2,,,,,,,,,,,,,,,,,,,,,,,,,,,,,7899,0.023954937234520912
,,,2,,,,,,,,,,,,,,,,,,,,,,,,,,,,,7909,0.0026890509761869907
,,,2,,,,,,,,,,,,,,,,,,,,,,,,,,,,,7919,0.14235074818134308
,,,2,,,,,,,,,,,,,,,,,,,,,,,,,,,,,7929,1.34735107421875
,,,2,,,,,,,,,,,,,,,,,,,,,,,,,,,,,7939,0.682300865650177
,,,2,,,,,,,,,,,,,,,,,,,,,,,,,,,,,7949,0.057688165456056595
,,,2,,,,,,,,,,,,,,,,,,,,,,,,,,,,,7959,0.7029286623001099
,,,2,,,,,,,,,,,,,,,,,,,,,,,,,,,,,7969,0.03247729316353798
,,,2,,,,,,,,,,,,,,,,,,,,,,,,,,,,,7979,0.4577147960662842
,,,2,,,,,,,,,,,,,,,,,,,,,,,,,,,,,7989,0.005009337794035673
,,,2,,,,,,,,,,,,,,,,,,,,,,,,,,,,,7999,0.0437474250793457
,,,2,,,,,,,,,,,,,,,,,,,,,,,,,,,,,8009,0.04705026373267174
,,,2,,,,,,,,,,,,,,,,,,,,,,,,,,,,,8019,0.22228750586509705
,,,2,,,,,,,,,,,,,,,,,,,,,,,,,,,,,8029,0.10147994011640549
,,,2,,,,,,,,,,,,,,,,,,,,,,,,,,,,,8039,0.01857166923582554
,,,2,,,,,,,,,,,,,,,,,,,,,,,,,,,,,8049,0.4742843210697174
,,,2,,,,,,,,,,,,,,,,,,,,,,,,,,,,,8059,1.059890866279602
,,,2,,,,,,,,,,,,,,,,,,,,,,,,,,,,,8069,0.4301547110080719
,,,2,,,,,,,,,,,,,,,,,,,,,,,,,,,,,8079,0.29872915148735046
,,,2,,,,,,,,,,,,,,,,,,,,,,,,,,,,,8089,0.38662880659103394
,,,2,,,,,,,,,,,,,,,,,,,,,,,,,,,,,8099,0.5972127914428711
,,,2,,,,,,,,,,,,,,,,,,,,,,,,,,,,,8109,0.10623129457235336
,,,2,,,,,,,,,,,,,,,,,,,,,,,,,,,,,8119,0.08621878176927567
,,,2,,,,,,,,,,,,,,,,,,,,,,,,,,,,,8129,3.4265494346618652
,,,2,,,,,,,,,,,,,,,,,,,,,,,,,,,,,8139,1.9589766263961792
,,,2,,,,,,,,,,,,,,,,,,,,,,,,,,,,,8149,0.35853978991508484
,,,2,,,,,,,,,,,,,,,,,,,,,,,,,,,,,8159,0.008344327099621296
,,,2,,,,,,,,,,,,,,,,,,,,,,,,,,,,,8169,0.12893180549144745
,,,2,,,,,,,,,,,,,,,,,,,,,,,,,,,,,8179,0.2430844008922577
,,,2,,,,,,,,,,,,,,,,,,,,,,,,,,,,,8189,1.4852482080459595
,,,2,,,,,,,,,,,,,,,,,,,,,,,,,,,,,8199,0.028285760432481766
,,,2,,,,,,,,,,,,,,,,,,,,,,,,,,,,,8209,0.14590486884117126
,,,2,,,,,,,,,,,,,,,,,,,,,,,,,,,,,8219,0.006515945307910442
,,,2,,,,,,,,,,,,,,,,,,,,,,,,,,,,,8229,0.010166443884372711
,,,2,,,,,,,,,,,,,,,,,,,,,,,,,,,,,8239,0.03542158007621765
,,,2,,,,,,,,,,,,,,,,,,,,,,,,,,,,,8249,0.12321043014526367
,,,2,,,,,,,,,,,,,,,,,,,,,,,,,,,,,8259,0.007387636229395866
,,,2,,,,,,,,,,,,,,,,,,,,,,,,,,,,,8269,0.010764631442725658
,,,2,,,,,,,,,,,,,,,,,,,,,,,,,,,,,8279,0.3448600172996521
,,,2,,,,,,,,,,,,,,,,,,,,,,,,,,,,,8289,0.28642651438713074
,,,2,,,,,,,,,,,,,,,,,,,,,,,,,,,,,8299,0.17826040089130402
,,,2,,,,,,,,,,,,,,,,,,,,,,,,,,,,,8309,0.0245585385710001
,,,2,,,,,,,,,,,,,,,,,,,,,,,,,,,,,8319,0.003395913867279887
,,,2,,,,,,,,,,,,,,,,,,,,,,,,,,,,,8329,0.10478609800338745
,,,2,,,,,,,,,,,,,,,,,,,,,,,,,,,,,8339,0.015196465887129307
,,,2,,,,,,,,,,,,,,,,,,,,,,,,,,,,,8349,0.1735347956418991
,,,2,,,,,,,,,,,,,,,,,,,,,,,,,,,,,8359,0.006098635494709015
,,,2,,,,,,,,,,,,,,,,,,,,,,,,,,,,,8369,0.2911604046821594
,,,2,,,,,,,,,,,,,,,,,,,,,,,,,,,,,8379,0.3488624691963196
,,,2,,,,,,,,,,,,,,,,,,,,,,,,,,,,,8389,0.23817461729049683
,,,2,,,,,,,,,,,,,,,,,,,,,,,,,,,,,8399,0.051881514489650726
,,,2,,,,,,,,,,,,,,,,,,,,,,,,,,,,,8409,0.004472795408219099
,,,2,,,,,,,,,,,,,,,,,,,,,,,,,,,,,8419,0.38476985692977905
,,,2,,,,,,,,,,,,,,,,,,,,,,,,,,,,,8429,0.35093384981155396
,,,2,,,,,,,,,,,,,,,,,,,,,,,,,,,,,8439,0.00476280739530921
,,,2,,,,,,,,,,,,,,,,,,,,,,,,,,,,,8449,0.008169126696884632
,,,2,,,,,,,,,,,,,,,,,,,,,,,,,,,,,8459,1.0066434144973755
,,,2,,,,,,,,,,,,,,,,,,,,,,,,,,,,,8469,1.2135571241378784
,,,2,,,,,,,,,,,,,,,,,,,,,,,,,,,,,8479,0.0034060580655932426
,,,2,,,,,,,,,,,,,,,,,,,,,,,,,,,,,8489,0.0029671911615878344
,,,2,,,,,,,,,,,,,,,,,,,,,,,,,,,,,8499,0.7566494345664978
,,,2,,,,,,,,,,,,,,,,,,,,,,,,,,,,,8509,0.004329112824052572
,,,2,,,,,,,,,,,,,,,,,,,,,,,,,,,,,8519,0.004367230460047722
,,,2,,,,,,,,,,,,,,,,,,,,,,,,,,,,,8529,0.40801921486854553
,,,2,,,,,,,,,,,,,,,,,,,,,,,,,,,,,8539,0.1259186565876007
,,,2,,,,,,,,,,,,,,,,,,,,,,,,,,,,,8549,0.02724815532565117
,,,2,,,,,,,,,,,,,,,,,,,,,,,,,,,,,8559,0.16446058452129364
,,,2,,,,,,,,,,,,,,,,,,,,,,,,,,,,,8569,0.014405335299670696
,,,2,,,,,,,,,,,,,,,,,,,,,,,,,,,,,8579,0.0970485731959343
,,,2,,,,,,,,,,,,,,,,,,,,,,,,,,,,,8589,0.1431889832019806
,,,2,,,,,,,,,,,,,,,,,,,,,,,,,,,,,8599,0.0040789442136883736
,,,2,,,,,,,,,,,,,,,,,,,,,,,,,,,,,8609,0.526449978351593
,,,2,,,,,,,,,,,,,,,,,,,,,,,,,,,,,8619,0.385305255651474
,,,2,,,,,,,,,,,,,,,,,,,,,,,,,,,,,8629,0.009378454647958279
,,,2,,,,,,,,,,,,,,,,,,,,,,,,,,,,,8639,1.5742160081863403
,,,2,,,,,,,,,,,,,,,,,,,,,,,,,,,,,8649,0.007137729320675135
,,,2,,,,,,,,,,,,,,,,,,,,,,,,,,,,,8659,0.17399270832538605
,,,2,,,,,,,,,,,,,,,,,,,,,,,,,,,,,8669,0.6237053871154785
,,,2,,,,,,,,,,,,,,,,,,,,,,,,,,,,,8679,0.03265460953116417
,,,2,,,,,,,,,,,,,,,,,,,,,,,,,,,,,8689,0.15474699437618256
,,,2,,,,,,,,,,,,,,,,,,,,,,,,,,,,,8699,0.013482414186000824
,,,2,,,,,,,,,,,,,,,,,,,,,,,,,,,,,8709,0.005943251773715019
,,,2,,,,,,,,,,,,,,,,,,,,,,,,,,,,,8719,0.009732354432344437
,,,2,,,,,,,,,,,,,,,,,,,,,,,,,,,,,8729,0.3256818354129791
,,,2,,,,,,,,,,,,,,,,,,,,,,,,,,,,,8739,0.04824315011501312
,,,2,,,,,,,,,,,,,,,,,,,,,,,,,,,,,8749,0.003861732082441449
,,,2,,,,,,,,,,,,,,,,,,,,,,,,,,,,,8759,0.03574962168931961
,,,2,,,,,,,,,,,,,,,,,,,,,,,,,,,,,8769,0.03308863192796707
,,,2,,,,,,,,,,,,,,,,,,,,,,,,,,,,,8779,0.29799607396125793
,,,2,,,,,,,,,,,,,,,,,,,,,,,,,,,,,8789,0.01790369115769863
,,,2,,,,,,,,,,,,,,,,,,,,,,,,,,,,,8799,0.00372543977573514
,,,2,,,,,,,,,,,,,,,,,,,,,,,,,,,,,8809,1.20024836063385
,,,2,,,,,,,,,,,,,,,,,,,,,,,,,,,,,8819,0.0022160711232572794
,,,2,,,,,,,,,,,,,,,,,,,,,,,,,,,,,8829,0.023110689595341682
,,,2,,,,,,,,,,,,,,,,,,,,,,,,,,,,,8839,0.902600109577179
,,,2,,,,,,,,,,,,,,,,,,,,,,,,,,,,,8849,0.007816281169652939
,,,2,,,,,,,,,,,,,,,,,,,,,,,,,,,,,8859,0.13385918736457825
,,,2,,,,,,,,,,,,,,,,,,,,,,,,,,,,,8869,0.11238259822130203
,,,2,,,,,,,,,,,,,,,,,,,,,,,,,,,,,8879,0.7211415767669678
,,,2,,,,,,,,,,,,,,,,,,,,,,,,,,,,,8889,0.2874181568622589
,,,2,,,,,,,,,,,,,,,,,,,,,,,,,,,,,8899,0.003032918320968747
,,,2,,,,,,,,,,,,,,,,,,,,,,,,,,,,,8909,0.0024899509735405445
,,,2,,,,,,,,,,,,,,,,,,,,,,,,,,,,,8919,0.01965191215276718
,,,2,,,,,,,,,,,,,,,,,,,,,,,,,,,,,8929,0.028896670788526535
,,,2,,,,,,,,,,,,,,,,,,,,,,,,,,,,,8939,0.0026086056604981422
,,,2,,,,,,,,,,,,,,,,,,,,,,,,,,,,,8949,0.005537739023566246
,,,2,,,,,,,,,,,,,,,,,,,,,,,,,,,,,8959,0.012926395982503891
,,,2,,,,,,,,,,,,,,,,,,,,,,,,,,,,,8969,0.9658238887786865
,,,2,,,,,,,,,,,,,,,,,,,,,,,,,,,,,8979,0.009618990123271942
,,,2,,,,,,,,,,,,,,,,,,,,,,,,,,,,,8989,0.03300480917096138
,,,2,,,,,,,,,,,,,,,,,,,,,,,,,,,,,8999,0.033189807087183
,,,,4.550407250484573e-07,2.5491585031250013e-06,3.9217823125000015e-06,3.9217823125000015e-06,6.0335112500000015e-06,6.0335112500000015e-06,9.282325000000003e-06,9.282325000000003e-06,1.4280500000000003e-05,1.4280500000000003e-05,2.1970000000000005e-05,4.550407250484573e-07,2.1970000000000005e-05,3.38e-05,3.38e-05,5.200000000000001e-05,5.200000000000001e-05,8e-05,8e-05,8e-05,8e-05,7.000626539207035e-07,7.000626539207035e-07,1.077019467570313e-06,1.077019467570313e-06,1.6569530270312508e-06,1.6569530270312508e-06,2.5491585031250013e-06,9000,
,,,3,,,,,,,,,,,,,,,,,,,,,,,,,,,,,9009,0.05776170641183853
,,,3,,,,,,,,,,,,,,,,,,,,,,,,,,,,,9019,2.2059783935546875
,,,3,,,,,,,,,,,,,,,,,,,,,,,,,,,,,9029,0.01457115076482296
,,,3,,,,,,,,,,,,,,,,,,,,,,,,,,,,,9039,0.257567822933197
,,,3,,,,,,,,,,,,,,,,,,,,,,,,,,,,,9049,0.02072559855878353
,,,3,,,,,,,,,,,,,,,,,,,,,,,,,,,,,9059,0.001424875808879733
,,,3,,,,,,,,,,,,,,,,,,,,,,,,,,,,,9069,0.19609850645065308
,,,3,,,,,,,,,,,,,,,,,,,,,,,,,,,,,9079,0.016771363094449043
,,,3,,,,,,,,,,,,,,,,,,,,,,,,,,,,,9089,1.7027264833450317
,,,3,,,,,,,,,,,,,,,,,,,,,,,,,,,,,9099,0.005405832547694445
,,,3,,,,,,,,,,,,,,,,,,,,,,,,,,,,,9109,1.179335355758667
,,,3,,,,,,,,,,,,,,,,,,,,,,,,,,,,,9119,0.4918805658817291
,,,3,,,,,,,,,,,,,,,,,,,,,,,,,,,,,9129,0.008948040194809437
,,,3,,,,,,,,,,,,,,,,,,,,,,,,,,,,,9139,0.03459252417087555
,,,3,,,,,,,,,,,,,,,,,,,,,,,,,,,,,9149,0.0057614631950855255
,,,3,,,,,,,,,,,,,,,,,,,,,,,,,,,,,9159,0.041217874735593796
,,,3,,,,,,,,,,,,,,,,,,,,,,,,,,,,,9169,0.502349853515625
,,,3,,,,,,,,,,,,,,,,,,,,,,,,,,,,,9179,0.012155290693044662
,,,3,,,,,,,,,,,,,,,,,,,,,,,,,,,,,9189,2.186246395111084
,,,3,,,,,,,,,,,,,,,,,,,,,,,,,,,,,9199,0.10507971048355103
,,,3,,,,,,,,,,,,,,,,,,,,,,,,,,,,,9209,0.46781066060066223
,,,3,,,,,,,,,,,,,,,,,,,,,,,,,,,,,9219,9.100802708417177e-05
,,,3,,,,,,,,,,,,,,,,,,,,,,,,,,,,,9229,0.06385475397109985
,,,3,,,,,,,,,,,,,,,,,,,,,,,,,,,,,9239,0.20969030261039734
,,,3,,,,,,,,,,,,,,,,,,,,,,,,,,,,,9249,0.09881000965833664
,,,3,,,,,,,,,,,,,,,,,,,,,,,,,,,,,9259,0.004399317782372236
,,,3,,,,,,,,,,,,,,,,,,,,,,,,,,,,,9269,0.1968139410018921
,,,3,,,,,,,,,,,,,,,,,,,,,,,,,,,,,9279,1.1443078517913818
,,,3,,,,,,,,,,,,,,,,,,,,,,,,,,,,,9289,0.010114203207194805
,,,3,,,,,,,,,,,,,,,,,,,,,,,,,,,,,9299,0.22446410357952118
,,,3,,,,,,,,,,,,,,,,,,,,,,,,,,,,,9309,0.0021061867009848356
,,,3,,,,,,,,,,,,,,,,,,,,,,,,,,,,,9319,0.00402055261656642
,,,3,,,,,,,,,,,,,,,,,,,,,,,,,,,,,9329,0.8773675560951233
,,,3,,,,,,,,,,,,,,,,,,,,,,,,,,,,,9339,0.10889596492052078
,,,3,,,,,,,,,,,,,,,,,,,,,,,,,,,,,9349,0.00855919998139143
,,,3,,,,,,,,,,,,,,,,,,,,,,,,,,,,,9359,0.021086955443024635
,,,3,,,,,,,,,,,,,,,,,,,,,,,,,,,,,9369,0.03881092742085457
,,,3,,,,,,,,,,,,,,,,,,,,,,,,,,,,,9379,0.9779239296913147
,,,3,,,,,,,,,,,,,,,,,,,,,,,,,,,,,9389,0.04448119178414345
,,,3,,,,,,,,,,,,,,,,,,,,,,,,,,,,,9399,0.005964464042335749
,,,3,,,,,,,,,,,,,,,,,,,,,,,,,,,,,9409,1.5694764852523804
,,,3,,,,,,,,,,,,,,,,,,,,,,,,,,,,,9419,0.01935783587396145
,,,3,,,,,,,,,,,,,,,,,,,,,,,,,,,,,9429,0.013273273594677448
,,,3,,,,,,,,,,,,,,,,,,,,,,,,,,,,,9439,0.01903351955115795
,,,3,,,,,,,,,,,,,,,,,,,,,,,,,,,,,9449,0.09563867747783661
,,,3,,,,,,,,,,,,,,,,,,,,,,,,,,,,,9459,0.9330639839172363
,,,3,,,,,,,,,,,,,,,,,,,,,,,,,,,,,9469,0.037304915487766266
,,,3,,,,,,,,,,,,,,,,,,,,,,,,,,,,,9479,0.26518514752388
,,,3,,,,,,,,,,,,,,,,,,,,,,,,,,,,,9489,0.07416053861379623
,,,3,,,,,,,,,,,,,,,,,,,,,,,,,,,,,9499,1.0854103565216064
,,,3,,,,,,,,,,,,,,,,,,,,,,,,,,,,,9509,0.6092496514320374
,,,3,,,,,,,,,,,,,,,,,,,,,,,,,,,,,9519,0.039317864924669266
,,,3,,,,,,,,,,,,,,,,,,,,,,,,,,,,,9529,0.24433447420597076
,,,3,,,,,,,,,,,,,,,,,,,,,,,,,,,,,9539,0.022694583982229233
,,,3,,,,,,,,,,,,,,,,,,,,,,,,,,,,,9549,0.07394510507583618
,,,3,,,,,,,,,,,,,,,,,,,,,,,,,,,,,9559,0.0073159243911504745
,,,3,,,,,,,,,,,,,,,,,,,,,,,,,,,,,9569,0.22842702269554138
,,,3,,,,,,,,,,,,,,,,,,,,,,,,,,,,,9579,0.40160438418388367
,,,3,,,,,,,,,,,,,,,,,,,,,,,,,,,,,9589,0.09602214395999908
,,,3,,,,,,,,,,,,,,,,,,,,,,,,,,,,,9599,0.008323068730533123
,,,3,,,,,,,,,,,,,,,,,,,,,,,,,,,,,9609,0.33022335171699524
,,,3,,,,,,,,,,,,,,,,,,,,,,,,,,,,,9619,0.010886270552873611
,,,3,,,,,,,,,,,,,,,,,,,,,,,,,,,,,9629,0.019251173362135887
,,,3,,,,,,,,,,,,,,,,,,,,,,,,,,,,,9639,0.06686340272426605
,,,3,,,,,,,,,,,,,,,,,,,,,,,,,,,,,9649,0.005069771781563759
,,,3,,,,,,,,,,,,,,,,,,,,,,,,,,,,,9659,0.014548033475875854
,,,3,,,,,,,,,,,,,,,,,,,,,,,,,,,,,9669,0.1089063435792923
,,,3,,,,,,,,,,,,,,,,,,,,,,,,,,,,,9679,0.6501098275184631
,,,3,,,,,,,,,,,,,,,,,,,,,,,,,,,,,9689,0.0031434420961886644
,,,3,,,,,,,,,,,,,,,,,,,,,,,,,,,,,9699,0.004710727371275425
,,,3,,,,,,,,,,,,,,,,,,,,,,,,,,,,,9709,1.6912692785263062
,,,3,,,,,,,,,,,,,,,,,,,,,,,,,,,,,9719,0.00657694460824132
,,,3,,,,,,,,,,,,,,,,,,,,,,,,,,,,,9729,0.684531569480896
,,,3,,,,,,,,,,,,,,,,,,,,,,,,,,,,,9739,2.102909564971924
,,,3,,,,,,,,,,,,,,,,,,,,,,,,,,,,,9749,0.042477089911699295
,,,3,,,,,,,,,,,,,,,,,,,,,,,,,,,,,9759,0.04284780099987984
,,,3,,,,,,,,,,,,,,,,,,,,,,,,,,,,,9769,0.0666114017367363
,,,3,,,,,,,,,,,,,,,,,,,,,,,,,,,,,9779,1.1957159042358398
,,,3,,,,,,,,,,,,,,,,,,,,,,,,,,,,,9789,0.4632050693035126
,,,3,,,,,,,,,,,,,,,,,,,,,,,,,,,,,9799,0.0045782397501170635
,,,3,,,,,,,,,,,,,,,,,,,,,,,,,,,,,9809,0.07546552270650864
,,,3,,,,,,,,,,,,,,,,,,,,,,,,,,,,,9819,0.06472644209861755
,,,3,,,,,,,,,,,,,,,,,,,,,,,,,,,,,9829,0.2465256154537201
,,,3,,,,,,,,,,,,,,,,,,,,,,,,,,,,,9839,0.051187366247177124
,,,3,,,,,,,,,,,,,,,,,,,,,,,,,,,,,9849,0.06774352490901947
,,,3,,,,,,,,,,,,,,,,,,,,,,,,,,,,,9859,0.04559053108096123
,,,3,,,,,,,,,,,,,,,,,,,,,,,,,,,,,9869,0.014441865496337414
,,,3,,,,,,,,,,,,,,,,,,,,,,,,,,,,,9879,0.0037573783192783594
,,,3,,,,,,,,,,,,,,,,,,,,,,,,,,,,,9889,0.45672932267189026
,,,3,,,,,,,,,,,,,,,,,,,,,,,,,,,,,9899,0.6419641971588135
,,,3,,,,,,,,,,,,,,,,,,,,,,,,,,,,,9909,0.0037972270511090755
,,,3,,,,,,,,,,,,,,,,,,,,,,,,,,,,,9919,0.005403199698776007
,,,3,,,,,,,,,,,,,,,,,,,,,,,,,,,,,9929,0.006386201828718185
,,,3,,,,,,,,,,,,,,,,,,,,,,,,,,,,,9939,1.0888705253601074
,,,3,,,,,,,,,,,,,,,,,,,,,,,,,,,,,9949,0.010045359842479229
,,,3,,,,,,,,,,,,,,,,,,,,,,,,,,,,,9959,0.7861549258232117
,,,3,,,,,,,,,,,,,,,,,,,,,,,,,,,,,9969,0.007666353601962328
,,,3,,,,,,,,,,,,,,,,,,,,,,,,,,,,,9979,0.14211823046207428
,,,3,,,,,,,,,,,,,,,,,,,,,,,,,,,,,9989,0.01674763113260269
,,,3,,,,,,,,,,,,,,,,,,,,,,,,,,,,,9999,0.007812500931322575
,,,3,,,,,,,,,,,,,,,,,,,,,,,,,,,,,10009,0.009865334257483482
,,,3,,,,,,,,,,,,,,,,,,,,,,,,,,,,,10019,0.00992443785071373
,,,3,,,,,,,,,,,,,,,,,,,,,,,,,,,,,10029,0.09914840757846832
,,,3,,,,,,,,,,,,,,,,,,,,,,,,,,,,,10039,0.2050110250711441
,,,3,,,,,,,,,,,,,,,,,,,,,,,,,,,,,10049,0.003961381036788225
,,,3,,,,,,,,,,,,,,,,,,,,,,,,,,,,,10059,0.40735307335853577
,,,3,,,,,,,,,,,,,,,,,,,,,,,,,,,,,10069,0.0031811362132430077
,,,3,,,,,,,,,,,,,,,,,,,,,,,,,,,,,10079,0.002084003761410713
,,,3,,,,,,,,,,,,,,,,,,,,,,,,,,,,,10089,2.5559933185577393
,,,3,,,,,,,,,,,,,,,,,,,,,,,,,,,,,10099,0.3657970428466797
,,,3,,,,,,,,,,,,,,,,,,,,,,,,,,,,,10109,1.4412035942077637
,,,3,,,,,,,,,,,,,,,,,,,,,,,,,,,,,10119,0.010418932884931564
,,,3,,,,,,,,,,,,,,,,,,,,,,,,,,,,,10129,0.016355402767658234
,,,3,,,,,,,,,,,,,,,,,,,,,,,,,,,,,10139,1.068567156791687
,,,3,,,,,,,,,,,,,,,,,,,,,,,,,,,,,10149,0.007188437040895224
,,,3,,,,,,,,,,,,,,,,,,,,,,,,,,,,,10159,0.006831096485257149
,,,3,,,,,,,,,,,,,,,,,,,,,,,,,,,,,10169,0.004184798337519169
,,,3,,,,,,,,,,,,,,,,,,,,,,,,,,,,,10179,0.002378070028498769
,,,3,,,,,,,,,,,,,,,,,,,,,,,,,,,,,10189,0.02356473170220852
,,,3,,,,,,,,,,,,,,,,,,,,,,,,,,,,,10199,0.7126132249832153
,,,3,,,,,,,,,,,,,,,,,,,,,,,,,,,,,10209,0.1913936287164688
,,,3,,,,,,,,,,,,,,,,,,,,,,,,,,,,,10219,0.018866093829274178
,,,3,,,,,,,,,,,,,,,,,,,,,,,,,,,,,10229,1.207007646560669
,,,3,,,,,,,,,,,,,,,,,,,,,,,,,,,,,10239,0.00619866605848074
,,,3,,,,,,,,,,,,,,,,,,,,,,,,,,,,,10249,0.010125281289219856
,,,3,,,,,,,,,,,,,,,,,,,,,,,,,,,,,10259,0.003437488339841366
,,,3,,,,,,,,,,,,,,,,,,,,,,,,,,,,,10269,0.004611376207321882
,,,3,,,,,,,,,,,,,,,,,,,,,,,,,,,,,10279,0.10930103808641434
,,,3,,,,,,,,,,,,,,,,,,,,,,,,,,,,,10289,0.42807912826538086
,,,3,,,,,,,,,,,,,,,,,,,,,,,,,,,,,10299,0.04731369763612747
,,,3,,,,,,,,,,,,,,,,,,,,,,,,,,,,,10309,0.005278969649225473
,,,3,,,,,,,,,,,,,,,,,,,,,,,,,,,,,10319,0.007108783349394798
,,,3,,,,,,,,,,,,,,,,,,,,,,,,,,,,,10329,0.010158603079617023
,,,3,,,,,,,,,,,,,,,,,,,,,,,,,,,,,10339,0.033034443855285645
,,,3,,,,,,,,,,,,,,,,,,,,,,,,,,,,,10349,0.0591970719397068
,,,3,,,,,,,,,,,,,,,,,,,,,,,,,,,,,10359,0.007573208771646023
,,,3,,,,,,,,,,,,,,,,,,,,,,,,,,,,,10369,0.0026303345803171396
,,,3,,,,,,,,,,,,,,,,,,,,,,,,,,,,,10379,0.1688196212053299
,,,3,,,,,,,,,,,,,,,,,,,,,,,,,,,,,10389,0.06790295243263245
,,,3,,,,,,,,,,,,,,,,,,,,,,,,,,,,,10399,0.13298723101615906
,,,3,,,,,,,,,,,,,,,,,,,,,,,,,,,,,10409,0.006272359751164913
,,,3,,,,,,,,,,,,,,,,,,,,,,,,,,,,,10419,0.0017003718530759215
,,,3,,,,,,,,,,,,,,,,,,,,,,,,,,,,,10429,0.3086124360561371
,,,3,,,,,,,,,,,,,,,,,,,,,,,,,,,,,10439,0.007897607982158661
,,,3,,,,,,,,,,,,,,,,,,,,,,,,,,,,,10449,0.0040481798350811005
,,,3,,,,,,,,,,,,,,,,,,,,,,,,,,,,,10459,0.01049121469259262
,,,3,,,,,,,,,,,,,,,,,,,,,,,,,,,,,10469,0.0738033726811409
,,,3,,,,,,,,,,,,,,,,,,,,,,,,,,,,,10479,0.08491286635398865
,,,3,,,,,,,,,,,,,,,,,,,,,,,,,,,,,10489,0.7194646000862122
,,,3,,,,,,,,,,,,,,,,,,,,,,,,,,,,,10499,0.03444061800837517
,,,3,,,,,,,,,,,,,,,,,,,,,,,,,,,,,10509,0.3002142012119293
,,,3,,,,,,,,,,,,,,,,,,,,,,,,,,,,,10519,0.16090424358844757
,,,3,,,,,,,,,,,,,,,,,,,,,,,,,,,,,10529,0.004289030563086271
,,,3,,,,,,,,,,,,,,,,,,,,,,,,,,,,,10539,0.8703342080116272
,,,3,,,,,,,,,,,,,,,,,,,,,,,,,,,,,10549,0.6372594237327576
,,,3,,,,,,,,,,,,,,,,,,,,,,,,,,,,,10559,0.0015698071802034974
,,,3,,,,,,,,,,,,,,,,,,,,,,,,,,,,,10569,0.34872886538505554
,,,3,,,,,,,,,,,,,,,,,,,,,,,,,,,,,10579,0.3143289387226105
,,,3,,,,,,,,,,,,,,,,,,,,,,,,,,,,,10589,0.002061469480395317
,,,3,,,,,,,,,,,,,,,,,,,,,,,,,,,,,10599,0.017778996378183365
,,,3,,,,,,,,,,,,,,,,,,,,,,,,,,,,,10609,6.26020337222144e-05
,,,3,,,,,,,,,,,,,,,,,,,,,,,,,,,,,10619,1.0720024108886719
,,,3,,,,,,,,,,,,,,,,,,,,,,,,,,,,,10629,0.009738217107951641
,,,3,,,,,,,,,,,,,,,,,,,,,,,,,,,,,10639,1.2811495065689087
,,,3,,,,,,,,,,,,,,,,,,,,,,,,,,,,,10649,0.007696268614381552
,,,3,,,,,,,,,,,,,,,,,,,,,,,,,,,,,10659,0.012551745399832726
,,,3,,,,,,,,,,,,,,,,,,,,,,,,,,,,,10669,0.002961985534057021
,,,3,,,,,,,,,,,,,,,,,,,,,,,,,,,,,10679,0.0069710141979157925
,,,3,,,,,,,,,,,,,,,,,,,,,,,,,,,,,10689,0.07547321170568466
,,,3,,,,,,,,,,,,,,,,,,,,,,,,,,,,,10699,0.05437218397855759
,,,3,,,,,,,,,,,,,,,,,,,,,,,,,,,,,10709,1.388407588005066
,,,3,,,,,,,,,,,,,,,,,,,,,,,,,,,,,10719,0.2569870948791504
,,,3,,,,,,,,,,,,,,,,,,,,,,,,,,,,,10729,0.17187446355819702
,,,3,,,,,,,,,,,,,,,,,,,,,,,,,,,,,10739,0.003560608485713601
,,,3,,,,,,,,,,,,,,,,,,,,,,,,,,,,,10749,0.3475340008735657
,,,3,,,,,,,,,,,,,,,,,,,,,,,,,,,,,10759,0.07747088372707367
,,,3,,,,,,,,,,,,,,,,,,,,,,,,,,,,,10769,1.071721076965332
,,,3,,,,,,,,,,,,,,,,,,,,,,,,,,,,,10779,0.18140646815299988
,,,3,,,,,,,,,,,,,,,,,,,,,,,,,,,,,10789,0.0006068437360227108
,,,3,,,,,,,,,,,,,,,,,,,,,,,,,,,,,10799,0.0024997133295983076
,,,3,,,,,,,,,,,,,,,,,,,,,,,,,,,,,10809,0.6555192470550537
,,,3,,,,,,,,,,,,,,,,,,,,,,,,,,,,,10819,0.5367168188095093
,,,3,,,,,,,,,,,,,,,,,,,,,,,,,,,,,10829,0.9652098417282104
,,,3,,,,,,,,,,,,,,,,,,,,,,,,,,,,,10839,0.4301082491874695
,,,3,,,,,,,,,,,,,,,,,,,,,,,,,,,,,10849,0.19802123308181763
,,,3,,,,,,,,,,,,,,,,,,,,,,,,,,,,,10859,0.21904990077018738
,,,3,,,,,,,,,,,,,,,,,,,,,,,,,,,,,10869,0.001981686567887664
,,,3,,,,,,,,,,,,,,,,,,,,,,,,,,,,,10879,0.02180524729192257
,,,3,,,,,,,,,,,,,,,,,,,,,,,,,,,,,10889,0.3200753331184387
,,,3,,,,,,,,,,,,,,,,,,,,,,,,,,,,,10899,0.10331068933010101
,,,3,,,,,,,,,,,,,,,,,,,,,,,,,,,,,10909,0.9377500414848328
,,,3,,,,,,,,,,,,,,,,,,,,,,,,,,,,,10919,0.03724583983421326
,,,3,,,,,,,,,,,,,,,,,,,,,,,,,,,,,10929,0.017021160572767258
,,,3,,,,,,,,,,,,,,,,,,,,,,,,,,,,,10939,1.4919726848602295
,,,3,,,,,,,,,,,,,,,,,,,,,,,,,,,,,10949,0.2416410744190216
,,,3,,,,,,,,,,,,,,,,,,,,,,,,,,,,,10959,0.46986186504364014
,,,3,,,,,,,,,,,,,,,,,,,,,,,,,,,,,10969,0.15164686739444733
,,,3,,,,,,,,,,,,,,,,,,,,,,,,,,,,,10979,0.85298752784729
,,,3,,,,,,,,,,,,,,,,,,,,,,,,,,,,,10989,0.12641873955726624
,,,3,,,,,,,,,,,,,,,,,,,,,,,,,,,,,10999,0.9909931421279907
,,,3,,,,,,,,,,,,,,,,,,,,,,,,,,,,,11009,0.020543459802865982
,,,3,,,,,,,,,,,,,,,,,,,,,,,,,,,,,11019,0.0032989808823913336
,,,3,,,,,,,,,,,,,,,,,,,,,,,,,,,,,11029,0.0013824931811541319
,,,3,,,,,,,,,,,,,,,,,,,,,,,,,,,,,11039,0.0012983499327674508
,,,3,,,,,,,,,,,,,,,,,,,,,,,,,,,,,11049,0.005972571671009064
,,,3,,,,,,,,,,,,,,,,,,,,,,,,,,,,,11059,0.013340163044631481
,,,3,,,,,,,,,,,,,,,,,,,,,,,,,,,,,11069,0.5757281184196472
,,,3,,,,,,,,,,,,,,,,,,,,,,,,,,,,,11079,0.09603860974311829
,,,3,,,,,,,,,,,,,,,,,,,,,,,,,,,,,11089,0.2981053590774536
,,,3,,,,,,,,,,,,,,,,,,,,,,,,,,,,,11099,0.1277860701084137
,,,3,,,,,,,,,,,,,,,,,,,,,,,,,,,,,11109,0.25986576080322266
,,,3,,,,,,,,,,,,,,,,,,,,,,,,,,,,,11119,0.015304294414818287
,,,3,,,,,,,,,,,,,,,,,,,,,,,,,,,,,11129,0.02577958069741726
,,,3,,,,,,,,,,,,,,,,,,,,,,,,,,,,,11139,0.2481732815504074
,,,3,,,,,,,,,,,,,,,,,,,,,,,,,,,,,11149,0.0035128032322973013
,,,3,,,,,,,,,,,,,,,,,,,,,,,,,,,,,11159,1.3251789808273315
,,,3,,,,,,,,,,,,,,,,,,,,,,,,,,,,,11169,0.036567624658346176
,,,3,,,,,,,,,,,,,,,,,,,,,,,,,,,,,11179,0.13638727366924286
,,,3,,,,,,,,,,,,,,,,,,,,,,,,,,,,,11189,0.088736392557621
,,,3,,,,,,,,,,,,,,,,,,,,,,,,,,,,,11199,0.04396970570087433
,,,3,,,,,,,,,,,,,,,,,,,,,,,,,,,,,11209,0.01229086797684431
,,,3,,,,,,,,,,,,,,,,,,,,,,,,,,,,,11219,0.00410966482013464
,,,3,,,,,,,,,,,,,,,,,,,,,,,,,,,,,11229,1.0462250709533691
,,,3,,,,,,,,,,,,,,,,,,,,,,,,,,,,,11239,0.0027887930627912283
,,,3,,,,,,,,,,,,,,,,,,,,,,,,,,,,,11249,0.44483503699302673
,,,3,,,,,,,,,,,,,,,,,,,,,,,,,,,,,11259,0.01859174109995365
,,,3,,,,,,,,,,,,,,,,,,,,,,,,,,,,,11269,0.004096909426152706
,,,3,,,,,,,,,,,,,,,,,,,,,,,,,,,,,11279,0.04857736825942993
,,,3,,,,,,,,,,,,,,,,,,,,,,,,,,,,,11289,0.014181584119796753
,,,3,,,,,,,,,,,,,,,,,,,,,,,,,,,,,11299,0.0008882411057129502
,,,3,,,,,,,,,,,,,,,,,,,,,,,,,,,,,11309,0.37968236207962036
,,,3,,,,,,,,,,,,,,,,,,,,,,,,,,,,,11319,1.7449312210083008
,,,3,,,,,,,,,,,,,,,,,,,,,,,,,,,,,11329,0.01053510420024395
,,,3,,,,,,,,,,,,,,,,,,,,,,,,,,,,,11339,0.0866587683558464
,,,3,,,,,,,,,,,,,,,,,,,,,,,,,,,,,11349,0.49378013610839844
,,,3,,,,,,,,,,,,,,,,,,,,,,,,,,,,,11359,0.345664381980896
,,,3,,,,,,,,,,,,,,,,,,,,,,,,,,,,,11369,0.07937879115343094
,,,3,,,,,,,,,,,,,,,,,,,,,,,,,,,,,11379,0.010259754955768585
,,,3,,,,,,,,,,,,,,,,,,,,,,,,,,,,,11389,0.22557535767555237
,,,3,,,,,,,,,,,,,,,,,,,,,,,,,,,,,11399,0.005989772733300924
,,,3,,,,,,,,,,,,,,,,,,,,,,,,,,,,,11409,0.3416364789009094
,,,3,,,,,,,,,,,,,,,,,,,,,,,,,,,,,11419,0.04566036909818649
,,,3,,,,,,,,,,,,,,,,,,,,,,,,,,,,,11429,0.010496512986719608
,,,3,,,,,,,,,,,,,,,,,,,,,,,,,,,,,11439,0.22142881155014038
,,,3,,,,,,,,,,,,,,,,,,,,,,,,,,,,,11449,0.014496850781142712
,,,3,,,,,,,,,,,,,,,,,,,,,,,,,,,,,11459,0.47621235251426697
,,,3,,,,,,,,,,,,,,,,,,,,,,,,,,,,,11469,0.15189263224601746
,,,3,,,,,,,,,,,,,,,,,,,,,,,,,,,,,11479,0.6664241552352905
,,,3,,,,,,,,,,,,,,,,,,,,,,,,,,,,,11489,0.036793213337659836
,,,3,,,,,,,,,,,,,,,,,,,,,,,,,,,,,11499,0.16747544705867767
,,,3,,,,,,,,,,,,,,,,,,,,,,,,,,,,,11509,0.010642950423061848
,,,3,,,,,,,,,,,,,,,,,,,,,,,,,,,,,11519,2.0481362342834473
,,,3,,,,,,,,,,,,,,,,,,,,,,,,,,,,,11529,0.01215006411075592
,,,3,,,,,,,,,,,,,,,,,,,,,,,,,,,,,11539,0.0012616501189768314
,,,3,,,,,,,,,,,,,,,,,,,,,,,,,,,,,11549,0.07416076213121414
,,,3,,,,,,,,,,,,,,,,,,,,,,,,,,,,,11559,0.2115938663482666
,,,3,,,,,,,,,,,,,,,,,,,,,,,,,,,,,11569,0.7260031700134277
,,,3,,,,,,,,,,,,,,,,,,,,,,,,,,,,,11579,0.0028802237939089537
,,,3,,,,,,,,,,,,,,,,,,,,,,,,,,,,,11589,0.397429496049881
,,,3,,,,,,,,,,,,,,,,,,,,,,,,,,,,,11599,0.005907353013753891
,,,3,,,,,,,,,,,,,,,,,,,,,,,,,,,,,11609,2.2219011783599854
,,,3,,,,,,,,,,,,,,,,,,,,,,,,,,,,,11619,0.672812283039093
,,,3,,,,,,,,,,,,,,,,,,,,,,,,,,,,,11629,0.5172827243804932
,,,3,,,,,,,,,,,,,,,,,,,,,,,,,,,,,11639,0.6443830728530884
,,,3,,,,,,,,,,,,,,,,,,,,,,,,,,,,,11649,0.04879860579967499
,,,3,,,,,,,,,,,,,,,,,,,,,,,,,,,,,11659,0.8359734416007996
,,,3,,,,,,,,,,,,,,,,,,,,,,,,,,,,,11669,0.3950120806694031
,,,3,,,,,,,,,,,,,,,,,,,,,,,,,,,,,11679,0.015407045371830463
,,,3,,,,,,,,,,,,,,,,,,,,,,,,,,,,,11689,0.20079103112220764
,,,3,,,,,,,,,,,,,,,,,,,,,,,,,,,,,11699,0.4263262450695038
,,,3,,,,,,,,,,,,,,,,,,,,,,,,,,,,,11709,0.004857349209487438
,,,3,,,,,,,,,,,,,,,,,,,,,,,,,,,,,11719,3.400432825088501
,,,3,,,,,,,,,,,,,,,,,,,,,,,,,,,,,11729,0.07484529912471771
,,,3,,,,,,,,,,,,,,,,,,,,,,,,,,,,,11739,0.04074737802147865
,,,3,,,,,,,,,,,,,,,,,,,,,,,,,,,,,11749,0.005305394530296326
,,,3,,,,,,,,,,,,,,,,,,,,,,,,,,,,,11759,0.5348082780838013
,,,3,,,,,,,,,,,,,,,,,,,,,,,,,,,,,11769,0.46577611565589905
,,,3,,,,,,,,,,,,,,,,,,,,,,,,,,,,,11779,1.9257867336273193
,,,3,,,,,,,,,,,,,,,,,,,,,,,,,,,,,11789,0.27919241786003113
,,,3,,,,,,,,,,,,,,,,,,,,,,,,,,,,,11799,0.25467759370803833
,,,3,,,,,,,,,,,,,,,,,,,,,,,,,,,,,11809,0.2950035035610199
,,,3,,,,,,,,,,,,,,,,,,,,,,,,,,,,,11819,0.034017644822597504
,,,3,,,,,,,,,,,,,,,,,,,,,,,,,,,,,11829,0.00850433949381113
,,,3,,,,,,,,,,,,,,,,,,,,,,,,,,,,,11839,0.08150605112314224
,,,3,,,,,,,,,,,,,,,,,,,,,,,,,,,,,11849,0.008488506078720093
,,,3,,,,,,,,,,,,,,,,,,,,,,,,,,,,,11859,0.1831783503293991
,,,3,,,,,,,,,,,,,,,,,,,,,,,,,,,,,11869,0.033412396907806396
,,,3,,,,,,,,,,,,,,,,,,,,,,,,,,,,,11879,0.2618759274482727
,,,3,,,,,,,,,,,,,,,,,,,,,,,,,,,,,11889,1.149233341217041
,,,3,,,,,,,,,,,,,,,,,,,,,,,,,,,,,11899,0.10037822276353836
,,,3,,,,,,,,,,,,,,,,,,,,,,,,,,,,,11909,0.3604027330875397
,,,3,,,,,,,,,,,,,,,,,,,,,,,,,,,,,11919,0.18720312416553497
,,,3,,,,,,,,,,,,,,,,,,,,,,,,,,,,,11929,0.33685991168022156
,,,3,,,,,,,,,,,,,,,,,,,,,,,,,,,,,11939,0.12368766963481903
,,,3,,,,,,,,,,,,,,,,,,,,,,,,,,,,,11949,0.23224559426307678
,,,3,,,,,,,,,,,,,,,,,,,,,,,,,,,,,11959,0.6420027017593384
,,,3,,,,,,,,,,,,,,,,,,,,,,,,,,,,,11969,0.007186404895037413
,,,3,,,,,,,,,,,,,,,,,,,,,,,,,,,,,11979,0.12330813705921173
,,,3,,,,,,,,,,,,,,,,,,,,,,,,,,,,,11989,0.004727672785520554
,,,3,,,,,,,,,,,,,,,,,,,,,,,,,,,,,11999,0.025246400386095047
,,,,5.688009063105716e-07,3.1864481289062513e-06,4.9022278906250015e-06,4.9022278906250015e-06,7.541889062500002e-06,7.541889062500002e-06,1.1602906250000002e-05,1.1602906250000002e-05,1.7850625000000003e-05,1.7850625000000003e-05,2.7462500000000003e-05,5.688009063105716e-07,2.7462500000000003e-05,4.2250000000000004e-05,4.2250000000000004e-05,6.500000000000001e-05,6.500000000000001e-05,0.0001,0.0001,0.0001,0.0001,8.750783174008792e-07,8.750783174008792e-07,1.3462743344628912e-06,1.3462743344628912e-06,2.0711912837890633e-06,2.0711912837890633e-06,3.1864481289062513e-06,12000,
,,,4,,,,,,,,,,,,,,,,,,,,,,,,,,,,,12009,1.3553359508514404
,,,4,,,,,,,,,,,,,,,,,,,,,,,,,,,,,12019,0.4099636971950531
,,,4,,,,,,,,,,,,,,,,,,,,,,,,,,,,,12029,0.13252916932106018
,,,4,,,,,,,,,,,,,,,,,,,,,,,,,,,,,12039,0.40985044836997986
,,,4,,,,,,,,,,,,,,,,,,,,,,,,,,,,,12049,0.013495163060724735
,,,4,,,,,,,,,,,,,,,,,,,,,,,,,,,,,12059,0.017343439161777496
,,,4,,,,,,,,,,,,,,,,,,,,,,,,,,,,,12069,1.50039541721344
,,,4,,,,,,,,,,,,,,,,,,,,,,,,,,,,,12079,0.0008471199544146657
,,,4,,,,,,,,,,,,,,,,,,,,,,,,,,,,,12089,0.0001060015129041858
,,,4,,,,,,,,,,,,,,,,,,,,,,,,,,,,,12099,0.14487792551517487
,,,4,,,,,,,,,,,,,,,,,,,,,,,,,,,,,12109,0.042776238173246384
,,,4,,,,,,,,,,,,,,,,,,,,,,,,,,,,,12119,0.016375217586755753
,,,4,,,,,,,,,,,,,,,,,,,,,,,,,,,,,12129,0.12179666757583618
,,,4,,,,,,,,,,,,,,,,,,,,,,,,,,,,,12139,0.13974608480930328
,,,4,,,,,,,,,,,,,,,,,,,,,,,,,,,,,12149,0.0344029925763607
,,,4,,,,,,,,,,,,,,,,,,,,,,,,,,,,,12159,0.05363864079117775
,,,4,,,,,,,,,,,,,,,,,,,,,,,,,,,,,12169,0.18363907933235168
,,,4,,,,,,,,,,,,,,,,,,,,,,,,,,,,,12179,0.013985425233840942
,,,4,,,,,,,,,,,,,,,,,,,,,,,,,,,,,12189,0.02836800552904606
,,,4,,,,,,,,,,,,,,,,,,,,,,,,,,,,,12199,0.18879380822181702
,,,4,,,,,,,,,,,,,,,,,,,,,,,,,,,,,12209,0.6952953338623047
,,,4,,,,,,,,,,,,,,,,,,,,,,,,,,,,,12219,1.56728994846344
,,,4,,,,,,,,,,,,,,,,,,,,,,,,,,,,,12229,0.02299664355814457
,,,4,,,,,,,,,,,,,,,,,,,,,,,,,,,,,12239,0.0037690235767513514
,,,4,,,,,,,,,,,,,,,,,,,,,,,,,,,,,12249,0.003027353435754776
,,,4,,,,,,,,,,,,,,,,,,,,,,,,,,,,,12259,0.03298654407262802
,,,4,,,,,,,,,,,,,,,,,,,,,,,,,,,,,12269,0.23489277064800262
,,,4,,,,,,,,,,,,,,,,,,,,,,,,,,,,,12279,0.0035582634154707193
,,,4,,,,,,,,,,,,,,,,,,,,,,,,,,,,,12289,0.47286972403526306
,,,4,,,,,,,,,,,,,,,,,,,,,,,,,,,,,12299,0.016906576231122017
,,,4,,,,,,,,,,,,,,,,,,,,,,,,,,,,,12309,0.00824520830065012
,,,4,,,,,,,,,,,,,,,,,,,,,,,,,,,,,12319,1.5671675205230713
,,,4,,,,,,,,,,,,,,,,,,,,,,,,,,,,,12329,0.004284702241420746
,,,4,,,,,,,,,,,,,,,,,,,,,,,,,,,,,12339,0.0012243262026458979
,,,4,,,,,,,,,,,,,,,,,,,,,,,,,,,,,12349,0.5086435079574585
,,,4,,,,,,,,,,,,,,,,,,,,,,,,,,,,,12359,0.21082065999507904
,,,4,,,,,,,,,,,,,,,,,,,,,,,,,,,,,12369,0.1869788020849228
,,,4,,,,,,,,,,,,,,,,,,,,,,,,,,,,,12379,0.011535518802702427
,,,4,,,,,,,,,,,,,,,,,,,,,,,,,,,,,12389,0.26774880290031433
,,,4,,,,,,,,,,,,,,,,,,,,,,,,,,,,,12399,0.5050790309906006
,,,4,,,,,,,,,,,,,,,,,,,,,,,,,,,,,12409,0.004563233349472284
,,,4,,,,,,,,,,,,,,,,,,,,,,,,,,,,,12419,0.0438605472445488
,,,4,,,,,,,,,,,,,,,,,,,,,,,,,,,,,12429,0.002748041180893779
,,,4,,,,,,,,,,,,,,,,,,,,,,,,,,,,,12439,0.001564103178679943
,,,4,,,,,,,,,,,,,,,,,,,,,,,,,,,,,12449,0.006382402963936329
,,,4,,,,,,,,,,,,,,,,,,,,,,,,,,,,,12459,0.03371157497167587
,,,4,,,,,,,,,,,,,,,,,,,,,,,,,,,,,12469,0.7256856560707092
,,,4,,,,,,,,,,,,,,,,,,,,,,,,,,,,,12479,0.003977791406214237
,,,4,,,,,,,,,,,,,,,,,,,,,,,,,,,,,12489,0.021006938070058823
,,,4,,,,,,,,,,,,,,,,,,,,,,,,,,,,,12499,0.8857648968696594
,,,4,,,,,,,,,,,,,,,,,,,,,,,,,,,,,12509,0.1658720225095749
,,,4,,,,,,,,,,,,,,,,,,,,,,,,,,,,,12519,0.010680879466235638
,,,4,,,,,,,,,,,,,,,,,,,,,,,,,,,,,12529,0.010777061805129051
,,,4,,,,,,,,,,,,,,,,,,,,,,,,,,,,,12539,0.48397594690322876
,,,4,,,,,,,,,,,,,,,,,,,,,,,,,,,,,12549,1.164676547050476
,,,4,,,,,,,,,,,,,,,,,,,,,,,,,,,,,12559,0.013702583499252796
,,,4,,,,,,,,,,,,,,,,,,,,,,,,,,,,,12569,0.004749158397316933
,,,4,,,,,,,,,,,,,,,,,,,,,,,,,,,,,12579,0.0022885275539010763
,,,4,,,,,,,,,,,,,,,,,,,,,,,,,,,,,12589,0.36377963423728943
,,,4,,,,,,,,,,,,,,,,,,,,,,,,,,,,,12599,0.15086878836154938
,,,4,,,,,,,,,,,,,,,,,,,,,,,,,,,,,12609,0.0192393958568573
,,,4,,,,,,,,,,,,,,,,,,,,,,,,,,,,,12619,0.002727963961660862
,,,4,,,,,,,,,,,,,,,,,,,,,,,,,,,,,12629,0.04223257303237915
,,,4,,,,,,,,,,,,,,,,,,,,,,,,,,,,,12639,1.0563679933547974
,,,4,,,,,,,,,,,,,,,,,,,,,,,,,,,,,12649,0.0025203179102391005
,,,4,,,,,,,,,,,,,,,,,,,,,,,,,,,,,12659,0.012738095596432686
,,,4,,,,,,,,,,,,,,,,,,,,,,,,,,,,,12669,1.1020807027816772
,,,4,,,,,,,,,,,,,,,,,,,,,,,,,,,,,12679,0.03805341571569443
,,,4,,,,,,,,,,,,,,,,,,,,,,,,,,,,,12689,0.13889764249324799
,,,4,,,,,,,,,,,,,,,,,,,,,,,,,,,,,12699,1.3008742332458496
,,,4,,,,,,,,,,,,,,,,,,,,,,,,,,,,,12709,0.8072207570075989
,,,4,,,,,,,,,,,,,,,,,,,,,,,,,,,,,12719,0.3293595314025879
,,,4,,,,,,,,,,,,,,,,,,,,,,,,,,,,,12729,0.4709866940975189
,,,4,,,,,,,,,,,,,,,,,,,,,,,,,,,,,12739,0.061260100454092026
,,,4,,,,,,,,,,,,,,,,,,,,,,,,,,,,,12749,0.03714441508054733
,,,4,,,,,,,,,,,,,,,,,,,,,,,,,,,,,12759,3.8458755016326904
,,,4,,,,,,,,,,,,,,,,,,,,,,,,,,,,,12769,0.01923149637877941
,,,4,,,,,,,,,,,,,,,,,,,,,,,,,,,,,12779,0.15971751511096954
,,,4,,,,,,,,,,,,,,,,,,,,,,,,,,,,,12789,0.0008373392629437149
,,,4,,,,,,,,,,,,,,,,,,,,,,,,,,,,,12799,0.1858382225036621
,,,4,,,,,,,,,,,,,,,,,,,,,,,,,,,,,12809,0.47558391094207764
,,,4,,,,,,,,,,,,,,,,,,,,,,,,,,,,,12819,0.3934343159198761
,,,4,,,,,,,,,,,,,,,,,,,,,,,,,,,,,12829,0.313202828168869
,,,4,,,,,,,,,,,,,,,,,,,,,,,,,,,,,12839,0.2300565242767334
,,,4,,,,,,,,,,,,,,,,,,,,,,,,,,,,,12849,0.017993228510022163
,,,4,,,,,,,,,,,,,,,,,,,,,,,,,,,,,12859,0.004116297233849764
,,,4,,,,,,,,,,,,,,,,,,,,,,,,,,,,,12869,0.015109731815755367
,,,4,,,,,,,,,,,,,,,,,,,,,,,,,,,,,12879,0.9171246290206909
,,,4,,,,,,,,,,,,,,,,,,,,,,,,,,,,,12889,0.0031442437320947647
,,,4,,,,,,,,,,,,,,,,,,,,,,,,,,,,,12899,0.5974381566047668
,,,4,,,,,,,,,,,,,,,,,,,,,,,,,,,,,12909,0.021788129583001137
,,,4,,,,,,,,,,,,,,,,,,,,,,,,,,,,,12919,0.05250304192304611
,,,4,,,,,,,,,,,,,,,,,,,,,,,,,,,,,12929,0.018542779609560966
,,,4,,,,,,,,,,,,,,,,,,,,,,,,,,,,,12939,0.008785873651504517
,,,4,,,,,,,,,,,,,,,,,,,,,,,,,,,,,12949,0.020300211384892464
,,,4,,,,,,,,,,,,,,,,,,,,,,,,,,,,,12959,0.03531245142221451
,,,4,,,,,,,,,,,,,,,,,,,,,,,,,,,,,12969,0.05093207582831383
,,,4,,,,,,,,,,,,,,,,,,,,,,,,,,,,,12979,0.5629470944404602
,,,4,,,,,,,,,,,,,,,,,,,,,,,,,,,,,12989,0.00087872298900038
,,,4,,,,,,,,,,,,,,,,,,,,,,,,,,,,,12999,0.011245477013289928
,,,4,,,,,,,,,,,,,,,,,,,,,,,,,,,,,13009,0.05105583369731903
,,,4,,,,,,,,,,,,,,,,,,,,,,,,,,,,,13019,0.0037031229585409164
,,,4,,,,,,,,,,,,,,,,,,,,,,,,,,,,,13029,0.011884478852152824
,,,4,,,,,,,,,,,,,,,,,,,,,,,,,,,,,13039,0.0553940124809742
,,,4,,,,,,,,,,,,,,,,,,,,,,,,,,,,,13049,0.49846020340919495
,,,4,,,,,,,,,,,,,,,,,,,,,,,,,,,,,13059,0.008632664568722248
,,,4,,,,,,,,,,,,,,,,,,,,,,,,,,,,,13069,0.6695379614830017
,,,4,,,,,,,,,,,,,,,,,,,,,,,,,,,,,13079,0.02104692906141281
,,,4,,,,,,,,,,,,,,,,,,,,,,,,,,,,,13089,0.0374874547123909
,,,4,,,,,,,,,,,,,,,,,,,,,,,,,,,,,13099,0.2638719379901886
,,,4,,,,,,,,,,,,,,,,,,,,,,,,,,,,,13109,0.23082822561264038
,,,4,,,,,,,,,,,,,,,,,,,,,,,,,,,,,13119,0.824248731136322
,,,4,,,,,,,,,,,,,,,,,,,,,,,,,,,,,13129,0.0784531757235527
,,,4,,,,,,,,,,,,,,,,,,,,,,,,,,,,,13139,0.022863738238811493
,,,4,,,,,,,,,,,,,,,,,,,,,,,,,,,,,13149,0.2176164984703064
,,,4,,,,,,,,,,,,,,,,,,,,,,,,,,,,,13159,0.7363215684890747
,,,4,,,,,,,,,,,,,,,,,,,,,,,,,,,,,13169,1.3369892835617065
,,,4,,,,,,,,,,,,,,,,,,,,,,,,,,,,,13179,0.005159447900950909
,,,4,,,,,,,,,,,,,,,,,,,,,,,,,,,,,13189,0.02224017307162285
,,,4,,,,,,,,,,,,,,,,,,,,,,,,,,,,,13199,0.0484764389693737
,,,4,,,,,,,,,,,,,,,,,,,,,,,,,,,,,13209,0.04743332415819168
,,,4,,,,,,,,,,,,,,,,,,,,,,,,,,,,,13219,0.5171831250190735
,,,4,,,,,,,,,,,,,,,,,,,,,,,,,,,,,13229,0.8090331554412842
,,,4,,,,,,,,,,,,,,,,,,,,,,,,,,,,,13239,2.0753397941589355
,,,4,,,,,,,,,,,,,,,,,,,,,,,,,,,,,13249,0.9029226303100586
,,,4,,,,,,,,,,,,,,,,,,,,,,,,,,,,,13259,0.002483892487362027
,,,4,,,,,,,,,,,,,,,,,,,,,,,,,,,,,13269,0.005100727081298828
,,,4,,,,,,,,,,,,,,,,,,,,,,,,,,,,,13279,0.009158331900835037
,,,4,,,,,,,,,,,,,,,,,,,,,,,,,,,,,13289,0.005087669938802719
,,,4,,,,,,,,,,,,,,,,,,,,,,,,,,,,,13299,0.1625741869211197
,,,4,,,,,,,,,,,,,,,,,,,,,,,,,,,,,13309,0.6361421346664429
,,,4,,,,,,,,,,,,,,,,,,,,,,,,,,,,,13319,0.0018867554608732462
,,,4,,,,,,,,,,,,,,,,,,,,,,,,,,,,,13329,0.04489637911319733
,,,4,,,,,,,,,,,,,,,,,,,,,,,,,,,,,13339,0.017186211422085762
,,,4,,,,,,,,,,,,,,,,,,,,,,,,,,,,,13349,0.011397251859307289
,,,4,,,,,,,,,,,,,,,,,,,,,,,,,,,,,13359,0.01614139974117279
,,,4,,,,,,,,,,,,,,,,,,,,,,,,,,,,,13369,0.02178044617176056
,,,4,,,,,,,,,,,,,,,,,,,,,,,,,,,,,13379,0.017286140471696854
,,,4,,,,,,,,,,,,,,,,,,,,,,,,,,,,,13389,0.004021488595753908
,,,4,,,,,,,,,,,,,,,,,,,,,,,,,,,,,13399,0.010014494881033897
,,,4,,,,,,,,,,,,,,,,,,,,,,,,,,,,,13409,0.7527456879615784
,,,4,,,,,,,,,,,,,,,,,,,,,,,,,,,,,13419,0.29546114802360535
,,,4,,,,,,,,,,,,,,,,,,,,,,,,,,,,,13429,0.012052860110998154
,,,4,,,,,,,,,,,,,,,,,,,,,,,,,,,,,13439,0.015287065878510475
,,,4,,,,,,,,,,,,,,,,,,,,,,,,,,,,,13449,0.9944273233413696
,,,4,,,,,,,,,,,,,,,,,,,,,,,,,,,,,13459,1.0920734405517578
,,,4,,,,,,,,,,,,,,,,,,,,,,,,,,,,,13469,0.011881428770720959
,,,4,,,,,,,,,,,,,,,,,,,,,,,,,,,,,13479,0.008305286057293415
,,,4,,,,,,,,,,,,,,,,,,,,,,,,,,,,,13489,2.353945016860962
,,,4,,,,,,,,,,,,,,,,,,,,,,,,,,,,,13499,0.4630601108074188
,,,4,,,,,,,,,,,,,,,,,,,,,,,,,,,,,13509,0.0034418217837810516
,,,4,,,,,,,,,,,,,,,,,,,,,,,,,,,,,13519,0.0002276688755955547
,,,4,,,,,,,,,,,,,,,,,,,,,,,,,,,,,13529,0.06563929468393326
,,,4,,,,,,,,,,,,,,,,,,,,,,,,,,,,,13539,0.6415155529975891
,,,4,,,,,,,,,,,,,,,,,,,,,,,,,,,,,13549,1.0144816637039185
,,,4,,,,,,,,,,,,,,,,,,,,,,,,,,,,,13559,0.07915930449962616
,,,4,,,,,,,,,,,,,,,,,,,,,,,,,,,,,13569,0.6454347372055054
,,,4,,,,,,,,,,,,,,,,,,,,,,,,,,,,,13579,0.0014217026764526963
,,,4,,,,,,,,,,,,,,,,,,,,,,,,,,,,,13589,0.0036465672310441732
,,,4,,,,,,,,,,,,,,,,,,,,,,,,,,,,,13599,0.004666103981435299
,,,4,,,,,,,,,,,,,,,,,,,,,,,,,,,,,13609,0.0036593156401067972
,,,4,,,,,,,,,,,,,,,,,,,,,,,,,,,,,13619,0.03725624829530716
,,,4,,,,,,,,,,,,,,,,,,,,,,,,,,,,,13629,0.8043872714042664
,,,4,,,,,,,,,,,,,,,,,,,,,,,,,,,,,13639,0.02755706012248993
,,,4,,,,,,,,,,,,,,,,,,,,,,,,,,,,,13649,0.02863343060016632
,,,4,,,,,,,,,,,,,,,,,,,,,,,,,,,,,13659,0.12417267262935638
,,,4,,,,,,,,,,,,,,,,,,,,,,,,,,,,,13669,0.02437518537044525
,,,4,,,,,,,,,,,,,,,,,,,,,,,,,,,,,13679,0.09240823239088058
,,,4,,,,,,,,,,,,,,,,,,,,,,,,,,,,,13689,0.02959108166396618
,,,4,,,,,,,,,,,,,,,,,,,,,,,,,,,,,13699,0.568223774433136
,,,4,,,,,,,,,,,,,,,,,,,,,,,,,,,,,13709,3.6975958347320557
,,,4,,,,,,,,,,,,,,,,,,,,,,,,,,,,,13719,0.0033190578687936068
,,,4,,,,,,,,,,,,,,,,,,,,,,,,,,,,,13729,0.0038179957773536444
,,,4,,,,,,,,,,,,,,,,,,,,,,,,,,,,,13739,0.48384591937065125
,,,4,,,,,,,,,,,,,,,,,,,,,,,,,,,,,13749,0.7658891081809998
,,,4,,,,,,,,,,,,,,,,,,,,,,,,,,,,,13759,1.4824856519699097
,,,4,,,,,,,,,,,,,,,,,,,,,,,,,,,,,13769,1.2519699335098267
,,,4,,,,,,,,,,,,,,,,,,,,,,,,,,,,,13779,0.017198624089360237
,,,4,,,,,,,,,,,,,,,,,,,,,,,,,,,,,13789,2.193912982940674
,,,4,,,,,,,,,,,,,,,,,,,,,,,,,,,,,13799,1.111653208732605
,,,4,,,,,,,,,,,,,,,,,,,,,,,,,,,,,13809,0.19737134873867035
,,,4,,,,,,,,,,,,,,,,,,,,,,,,,,,,,13819,0.08354848623275757
,,,4,,,,,,,,,,,,,,,,,,,,,,,,,,,,,13829,0.748992919921875
,,,4,,,,,,,,,,,,,,,,,,,,,,,,,,,,,13839,0.00817546434700489
,,,4,,,,,,,,,,,,,,,,,,,,,,,,,,,,,13849,0.0532122403383255
,,,4,,,,,,,,,,,,,,,,,,,,,,,,,,,,,13859,0.1123068630695343
,,,4,,,,,,,,,,,,,,,,,,,,,,,,,,,,,13869,0.03181951865553856
,,,4,,,,,,,,,,,,,,,,,,,,,,,,,,,,,13879,0.12249722331762314
,,,4,,,,,,,,,,,,,,,,,,,,,,,,,,,,,13889,0.009147349745035172
,,,4,,,,,,,,,,,,,,,,,,,,,,,,,,,,,13899,1.689481496810913
,,,4,,,,,,,,,,,,,,,,,,,,,,,,,,,,,13909,0.5606389045715332
,,,4,,,,,,,,,,,,,,,,,,,,,,,,,,,,,13919,0.05978376418352127
,,,4,,,,,,,,,,,,,,,,,,,,,,,,,,,,,13929,0.04193292558193207
,,,4,,,,,,,,,,,,,,,,,,,,,,,,,,,,,13939,0.015981068834662437
,,,4,,,,,,,,,,,,,,,,,,,,,,,,,,,,,13949,0.004126159008592367
,,,4,,,,,,,,,,,,,,,,,,,,,,,,,,,,,13959,0.38111257553100586
,,,4,,,,,,,,,,,,,,,,,,,,,,,,,,,,,13969,0.13844789564609528
,,,4,,,,,,,,,,,,,,,,,,,,,,,,,,,,,13979,0.032085418701171875
,,,4,,,,,,,,,,,,,,,,,,,,,,,,,,,,,13989,0.13979582488536835
,,,4,,,,,,,,,,,,,,,,,,,,,,,,,,,,,13999,0.5158839821815491
,,,4,,,,,,,,,,,,,,,,,,,,,,,,,,,,,14009,0.0028770705685019493
,,,4,,,,,,,,,,,,,,,,,,,,,,,,,,,,,14019,0.08770730346441269
,,,4,,,,,,,,,,,,,,,,,,,,,,,,,,,,,14029,0.10607200860977173
,,,4,,,,,,,,,,,,,,,,,,,,,,,,,,,,,14039,0.002837732434272766
,,,4,,,,,,,,,,,,,,,,,,,,,,,,,,,,,14049,0.8221567273139954
,,,4,,,,,,,,,,,,,,,,,,,,,,,,,,,,,14059,0.46315884590148926
,,,4,,,,,,,,,,,,,,,,,,,,,,,,,,,,,14069,0.9376111030578613
,,,4,,,,,,,,,,,,,,,,,,,,,,,,,,,,,14079,0.14763778448104858
,,,4,,,,,,,,,,,,,,,,,,,,,,,,,,,,,14089,0.029970820993185043
,,,4,,,,,,,,,,,,,,,,,,,,,,,,,,,,,14099,0.17307321727275848
,,,4,,,,,,,,,,,,,,,,,,,,,,,,,,,,,14109,0.044894736260175705
,,,4,,,,,,,,,,,,,,,,,,,,,,,,,,,,,14119,0.009107819758355618
,,,4,,,,,,,,,,,,,,,,,,,,,,,,,,,,,14129,0.37025007605552673
,,,4,,,,,,,,,,,,,,,,,,,,,,,,,,,,,14139,0.0028719936963170767
,,,4,,,,,,,,,,,,,,,,,,,,,,,,,,,,,14149,3.6570188999176025
,,,4,,,,,,,,,,,,,,,,,,,,,,,,,,,,,14159,0.0032835931051522493
,,,4,,,,,,,,,,,,,,,,,,,,,,,,,,,,,14169,0.026451174169778824
,,,4,,,,,,,,,,,,,,,,,,,,,,,,,,,,,14179,1.4574536085128784
,,,4,,,,,,,,,,,,,,,,,,,,,,,,,,,,,14189,0.05638687685132027
,,,4,,,,,,,,,,,,,,,,,,,,,,,,,,,,,14199,0.0049954610876739025
,,,4,,,,,,,,,,,,,,,,,,,,,,,,,,,,,14209,0.00011123297736048698
,,,4,,,,,,,,,,,,,,,,,,,,,,,,,,,,,14219,0.729000985622406
,,,4,,,,,,,,,,,,,,,,,,,,,,,,,,,,,14229,0.04771603271365166
,,,4,,,,,,,,,,,,,,,,,,,,,,,,,,,,,14239,0.61014324426651
,,,4,,,,,,,,,,,,,,,,,,,,,,,,,,,,,14249,2.6857082843780518
,,,4,,,,,,,,,,,,,,,,,,,,,,,,,,,,,14259,0.0034348045010119677
,,,4,,,,,,,,,,,,,,,,,,,,,,,,,,,,,14269,0.0047404225915670395
,,,4,,,,,,,,,,,,,,,,,,,,,,,,,,,,,14279,0.03361766040325165
,,,4,,,,,,,,,,,,,,,,,,,,,,,,,,,,,14289,0.29322826862335205
,,,4,,,,,,,,,,,,,,,,,,,,,,,,,,,,,14299,0.004025680478662252
,,,4,,,,,,,,,,,,,,,,,,,,,,,,,,,,,14309,0.41505932807922363
,,,4,,,,,,,,,,,,,,,,,,,,,,,,,,,,,14319,1.271009087562561
,,,4,,,,,,,,,,,,,,,,,,,,,,,,,,,,,14329,2.071168899536133
,,,4,,,,,,,,,,,,,,,,,,,,,,,,,,,,,14339,0.006577460560947657
,,,4,,,,,,,,,,,,,,,,,,,,,,,,,,,,,14349,1.0770318508148193
,,,4,,,,,,,,,,,,,,,,,,,,,,,,,,,,,14359,0.00021123314218129963
,,,4,,,,,,,,,,,,,,,,,,,,,,,,,,,,,14369,0.1973167508840561
,,,4,,,,,,,,,,,,,,,,,,,,,,,,,,,,,14379,0.12391404062509537
,,,4,,,,,,,,,,,,,,,,,,,,,,,,,,,,,14389,0.5078153014183044
,,,4,,,,,,,,,,,,,,,,,,,,,,,,,,,,,14399,0.04822278022766113
,,,4,,,,,,,,,,,,,,,,,,,,,,,,,,,,,14409,0.009845990687608719
,,,4,,,,,,,,,,,,,,,,,,,,,,,,,,,,,14419,0.005020319018512964
,,,4,,,,,,,,,,,,,,,,,,,,,,,,,,,,,14429,0.040641628205776215
,,,4,,,,,,,,,,,,,,,,,,,,,,,,,,,,,14439,0.4560062885284424
,,,4,,,,,,,,,,,,,,,,,,,,,,,,,,,,,14449,0.015112782828509808
,,,4,,,,,,,,,,,,,,,,,,,,,,,,,,,,,14459,0.25251317024230957
,,,4,,,,,,,,,,,,,,,,,,,,,,,,,,,,,14469,0.5526701807975769
,,,4,,,,,,,,,,,,,,,,,,,,,,,,,,,,,14479,1.4705253839492798
,,,4,,,,,,,,,,,,,,,,,,,,,,,,,,,,,14489,0.0156666561961174
,,,4,,,,,,,,,,,,,,,,,,,,,,,,,,,,,14499,0.14113833010196686
,,,4,,,,,,,,,,,,,,,,,,,,,,,,,,,,,14509,0.3356587886810303
,,,4,,,,,,,,,,,,,,,,,,,,,,,,,,,,,14519,0.4703088700771332
,,,4,,,,,,,,,,,,,,,,,,,,,,,,,,,,,14529,0.020561061799526215
,,,4,,,,,,,,,,,,,,,,,,,,,,,,,,,,,14539,1.7305638790130615
,,,4,,,,,,,,,,,,,,,,,,,,,,,,,,,,,14549,0.003149353200569749
,,,4,,,,,,,,,,,,,,,,,,,,,,,,,,,,,14559,0.018756793811917305
,,,4,,,,,,,,,,,,,,,,,,,,,,,,,,,,,14569,0.18133927881717682
,,,4,,,,,,,,,,,,,,,,,,,,,,,,,,,,,14579,0.004254774656146765
,,,4,,,,,,,,,,,,,,,,,,,,,,,,,,,,,14589,0.31211668252944946
,,,4,,,,,,,,,,,,,,,,,,,,,,,,,,,,,14599,0.0034907059744000435
,,,4,,,,,,,,,,,,,,,,,,,,,,,,,,,,,14609,1.5687334537506104
,,,4,,,,,,,,,,,,,,,,,,,,,,,,,,,,,14619,0.009226135909557343
,,,4,,,,,,,,,,,,,,,,,,,,,,,,,,,,,14629,0.0032274562399834394
,,,4,,,,,,,,,,,,,,,,,,,,,,,,,,,,,14639,1.0251222848892212
,,,4,,,,,,,,,,,,,,,,,,,,,,,,,,,,,14649,0.0017831105506047606
,,,4,,,,,,,,,,,,,,,,,,,,,,,,,,,,,14659,0.007214994169771671
,,,4,,,,,,,,,,,,,,,,,,,,,,,,,,,,,14669,0.20217035710811615
,,,4,,,,,,,,,,,,,,,,,,,,,,,,,,,,,14679,3.443852186203003
,,,4,,,,,,,,,,,,,,,,,,,,,,,,,,,,,14689,0.012768374755978584
,,,4,,,,,,,,,,,,,,,,,,,,,,,,,,,,,14699,0.09048692882061005
,,,4,,,,,,,,,,,,,,,,,,,,,,,,,,,,,14709,0.12339312583208084
,,,4,,,,,,,,,,,,,,,,,,,,,,,,,,,,,14719,0.2867957055568695
,,,4,,,,,,,,,,,,,,,,,,,,,,,,,,,,,14729,0.021032480522990227
,,,4,,,,,,,,,,,,,,,,,,,,,,,,,,,,,14739,0.08530943840742111
,,,4,,,,,,,,,,,,,,,,,,,,,,,,,,,,,14749,0.006354693789035082
,,,4,,,,,,,,,,,,,,,,,,,,,,,,,,,,,14759,0.045774608850479126
,,,4,,,,,,,,,,,,,,,,,,,,,,,,,,,,,14769,0.10512462258338928
,,,4,,,,,,,,,,,,,,,,,,,,,,,,,,,,,14779,0.004361274186521769
,,,4,,,,,,,,,,,,,,,,,,,,,,,,,,,,,14789,0.6206381916999817
,,,4,,,,,,,,,,,,,,,,,,,,,,,,,,,,,14799,0.23171356320381165
,,,4,,,,,,,,,,,,,,,,,,,,,,,,,,,,,14809,0.025876730680465698
,,,4,,,,,,,,,,,,,,,,,,,,,,,,,,,,,14819,0.0017154152737930417
,,,4,,,,,,,,,,,,,,,,,,,,,,,,,,,,,14829,0.0014143865555524826
,,,4,,,,,,,,,,,,,,,,,,,,,,,,,,,,,14839,0.003256151918321848
,,,4,,,,,,,,,,,,,,,,,,,,,,,,,,,,,14849,0.12811142206192017
,,,4,,,,,,,,,,,,,,,,,,,,,,,,,,,,,14859,0.005275779403746128
,,,4,,,,,,,,,,,,,,,,,,,,,,,,,,,,,14869,0.0030573965050280094
,,,4,,,,,,,,,,,,,,,,,,,,,,,,,,,,,14879,0.011737351305782795
,,,4,,,,,,,,,,,,,,,,,,,,,,,,,,,,,14889,5.218535423278809
,,,4,,,,,,,,,,,,,,,,,,,,,,,,,,,,,14899,0.02081822045147419
,,,4,,,,,,,,,,,,,,,,,,,,,,,,,,,,,14909,0.006160810589790344
,,,4,,,,,,,,,,,,,,,,,,,,,,,,,,,,,14919,0.005003012716770172
,,,4,,,,,,,,,,,,,,,,,,,,,,,,,,,,,14929,0.27569881081581116
,,,4,,,,,,,,,,,,,,,,,,,,,,,,,,,,,14939,0.4220823347568512
,,,4,,,,,,,,,,,,,,,,,,,,,,,,,,,,,14949,0.0011892897309735417
,,,4,,,,,,,,,,,,,,,,,,,,,,,,,,,,,14959,0.5980095863342285
,,,4,,,,,,,,,,,,,,,,,,,,,,,,,,,,,14969,0.2860470414161682
,,,4,,,,,,,,,,,,,,,,,,,,,,,,,,,,,14979,0.38472747802734375
,,,4,,,,,,,,,,,,,,,,,,,,,,,,,,,,,14989,0.004042414948344231
,,,4,,,,,,,,,,,,,,,,,,,,,,,,,,,,,14999,0.03885626420378685
0.857566773891449,0.7983425259590149,0.9262820482254028,4,,,,,,,,,,,,,,,,,,,,,,,,,,,,,14999,
